location,celltype
1:102687581_102688090,spinalCord
1:104949592_104950106,cardiomyocyte
1:130782193_130783143,forebrain
1:168582387_168582940,endothelium
1:173844643_173845241,mesenchyme
1:182711272_182712006,endothelium
1:18961413_18961918,spinalCord
1:190073227_190073755,endothelium
1:194027124_194027847,spinalCord
1:21050726_21051421,endothelium
1:39688497_39689060,endothelium
1:68995334_68995908,erythroid
1:82185980_82186496,endothelium
1:90980456_90981385,spinalCord
10:104684648_104685169,cardiomyocyte
10:118569337_118569858,gut
10:118747021_118747557,spinalCord
10:31229027_31229569,gut
10:33122877_33123458,spinalCord
10:3395217_3395784,spinalCord
10:34091697_34092217,spinalCord
10:37617649_37618198,erythroid
10:37622979_37623484,endothelium
10:40312165_40312759,mesenchyme
10:41332537_41333040,mid_hindbrain
10:58382750_58383758,spinalCord
10:58621051_58621660,erythroid
10:69637199_69638104,neural_crest
10:88244839_88245900,neural_crest
11:104616116_104616628,forebrain
11:107667506_107668072,erythroid
11:118729250_118729773,erythroid
11:54220082_54220637,neural_crest
11:69220849_69221654,spinalCord
11:7055409_7055967,neural_crest
11:72395634_72396147,cardiomyocyte
11:86895102_86896042,mesenchyme
11:94189242_94190214,spinalCord
12:111682680_111683310,somitic_mesoderm
12:119170572_119171077,mesenchyme
12:12179087_12179668,neural_crest
12:12180783_12181312,mid_hindbrain
12:12306733_12307255,endothelium
12:12549572_12550073,erythroid
12:28997767_28998295,neural_crest
12:29981636_29982182,neural_crest
12:31568574_31569077,spinalCord
12:39780247_39780766,erythroid
12:73781376_73781877,mid_hindbrain
12:82306030_82306571,erythroid
12:83352638_83353192,somitic_mesoderm
12:83483027_83483650,endothelium
12:86152698_86153592,somitic_mesoderm
12:95095588_95096221,erythroid
13:116186891_116187431,neural_crest
13:11754895_11755398,cardiomyocyte
13:118086256_118086792,endothelium
13:12057222_12057812,endothelium
13:12313571_12314076,somitic_mesoderm
13:20101480_20102084,endothelium
13:24186988_24187577,erythroid
13:43235453_43236062,somitic_mesoderm
13:46443934_46444567,somitic_mesoderm
13:46516066_46516593,neural_crest
13:49846689_49847193,spinalCord
13:5407569_5408100,endothelium
13:90862114_90862622,forebrain
13:90886003_90886905,forebrain
13:91558162_91559149,endothelium
14:103921055_103922031,somitic_mesoderm
14:106528216_106528727,erythroid
14:118001420_118002011,somitic_mesoderm
14:122068751_122069331,somitic_mesoderm
14:25450986_25451560,erythroid
14:31560828_31561436,somitic_mesoderm
14:34613488_34614029,cardiomyocyte
14:46950385_46951026,somitic_mesoderm
14:54947509_54948134,mid_hindbrain
14:54996683_54997276,gut
14:55004162_55005189,mesenchyme
14:63019354_63019930,cardiomyocyte
14:63368813_63369397,cardiomyocyte
14:73041015_73041516,endothelium
14:75773337_75773850,mesenchyme
14:7809579_7810086,spinalCord
14:79004381_79004898,mid_hindbrain
14:81301886_81302530,somitic_mesoderm
14:85930320_85930840,gut
14:9259519_9260464,endothelium
15:27997449_27997954,mesenchyme
15:36854906_36855979,somitic_mesoderm
15:58258623_58259133,endothelium
15:58283054_58283623,gut
15:88023587_88024135,somitic_mesoderm
15:93005567_93006414,somitic_mesoderm
15:93698333_93698908,erythroid
15:99500228_99500837,spinalCord
16:14265372_14265937,forebrain
16:21293438_21293997,neural_crest
16:30790492_30791132,endothelium
16:38653289_38653872,neural_crest
16:5431049_5431596,cardiomyocyte
16:59517311_59518027,neural_crest
16:96212981_96213516,neural_crest
16:96877332_96877925,erythroid
17:25467837_25468358,spinalCord
17:26850448_26850950,mid_hindbrain
17:26865164_26865668,erythroid
17:26868658_26869219,spinalCord
17:46239606_46240179,mesenchyme
17:48726363_48726956,mesenchyme
17:5101830_5102382,endothelium
17:81781408_81782013,gut
17:83231305_83231847,neural_crest
17:85564022_85564576,cardiomyocyte
17:86303448_86304029,endothelium
18:3876707_3877339,erythroid
18:4303971_4304487,endothelium
18:52976292_52976793,mesenchyme
18:55136977_55137728,spinalCord
18:61682459_61683467,forebrain
18:72890189_72890696,somitic_mesoderm
18:75505477_75506000,spinalCord
19:30623552_30624069,spinalCord
19:34239359_34239926,endothelium
19:36682521_36683065,endothelium
19:40511802_40512593,endothelium
19:4992839_4993345,erythroid
19:53801714_53802215,spinalCord
19:56974154_56974738,forebrain
19:5811887_5812628,endothelium
19:60292583_60293112,erythroid
2:103603151_103603654,endothelium
2:106651941_106652645,gut
2:106656297_106656856,gut
2:114046099_114046612,endothelium
2:120098550_120099262,mid_hindbrain
2:131514012_131514577,endothelium
2:143870882_143871410,cardiomyocyte
2:165100674_165101242,spinalCord
2:173087261_173087889,spinalCord
2:178493873_178494499,neural_crest
2:17932231_17933117,spinalCord
2:180339814_180340316,endothelium
2:180362890_180363412,endothelium
2:31341929_31342434,neural_crest
2:3170796_3171349,somitic_mesoderm
2:51058117_51059081,somitic_mesoderm
2:6098834_6099415,spinalCord
2:64959469_64960463,endothelium
2:76806269_76806838,erythroid
2:91060719_91061492,endothelium
3:101804198_101804869,somitic_mesoderm
3:123070955_123071477,somitic_mesoderm
3:128297992_128298493,mid_hindbrain
3:132831089_132831659,spinalCord
3:135641459_135641965,cardiomyocyte
3:143092242_143092814,spinalCord
3:147287415_147287983,spinalCord
3:152133529_152134030,gut
3:18702965_18703547,gut
3:20149113_20149632,gut
3:30258342_30258865,somitic_mesoderm
3:39779903_39780408,endothelium
3:84626566_84627148,erythroid
3:86687759_86688310,mid_hindbrain
3:8893368_8893987,forebrain
3:94987489_94988056,spinalCord
4:100284172_100285183,erythroid
4:105100898_105101417,spinalCord
4:107961887_107962476,endothelium
4:114358715_114359358,neural_crest
4:114411145_114411772,endothelium
4:117609100_117609885,gut
4:119054181_119054692,forebrain
4:119512551_119513101,gut
4:119662054_119662583,endothelium
4:120885286_120886237,cardiomyocyte
4:13156825_13157530,erythroid
4:141425262_141426058,cardiomyocyte
4:37821044_37821649,neural_crest
4:45444730_45445338,cardiomyocyte
4:48548436_48548996,forebrain
4:57793593_57794178,endothelium
4:66894545_66895057,mesenchyme
4:8707894_8708412,mid_hindbrain
4:87662730_87663341,endothelium
5:10196780_10197347,endothelium
5:107129262_107129813,mesenchyme
5:112933070_112933625,spinalCord
5:116450483_116451012,spinalCord
5:118621614_118622298,endothelium
5:119856961_119857464,spinalCord
5:122092654_122093233,mid_hindbrain
5:122094380_122094983,spinalCord
5:124234039_124234671,somitic_mesoderm
5:124840125_124840649,gut
5:134787934_134788819,somitic_mesoderm
5:148271950_148272521,endothelium
5:24337337_24337838,neural_crest
5:32272605_32273108,somitic_mesoderm
5:35921473_35921977,mid_hindbrain
5:51439706_51440311,mid_hindbrain
5:52021671_52022172,gut
5:53519946_53520678,somitic_mesoderm
5:67822441_67822942,mesenchyme
5:72896548_72897416,spinalCord
5:74205985_74206569,endothelium
5:97980478_97981050,somitic_mesoderm
6:119098169_119098793,somitic_mesoderm
6:119204269_119205248,gut
6:120149983_120150504,mid_hindbrain
6:120216609_120217238,somitic_mesoderm
6:121053378_121054026,mesenchyme
6:124426578_124427110,cardiomyocyte
6:145443987_145444504,spinalCord
6:145462645_145463211,endothelium
6:30572650_30573222,endothelium
6:48010570_48011195,forebrain
6:51334823_51335324,mid_hindbrain
6:53956144_53957137,spinalCord
6:53986166_53986715,mesenchyme
6:8755584_8756390,somitic_mesoderm
6:91784904_91785421,somitic_mesoderm
6:99200472_99201101,erythroid
7:101390767_101391298,somitic_mesoderm
7:112276764_112277267,erythroid
7:123209845_123210379,cardiomyocyte
7:16907580_16908152,erythroid
7:25056432_25056951,cardiomyocyte
7:43305187_43305695,erythroid
7:49088127_49088943,forebrain
7:50536668_50537225,erythroid
7:67011742_67012551,erythroid
7:71239164_71239675,mid_hindbrain
7:74006827_74007607,endothelium
7:74531616_74532185,mesenchyme
7:79133314_79133929,endothelium
7:81700468_81701023,endothelium
7:81702491_81703012,gut
7:96661451_96662360,cardiomyocyte
7:98419460_98420361,cardiomyocyte
7:98823775_98824281,endothelium
8:104610094_104610625,cardiomyocyte
8:111516509_111517028,erythroid
8:119588721_119589310,somitic_mesoderm
8:127107794_127108298,endothelium
8:128371706_128372302,spinalCord
8:29539784_29540337,somitic_mesoderm
8:33905635_33906157,spinalCord
8:35446936_35447468,mid_hindbrain
8:35576900_35577401,cardiomyocyte
8:59194439_59194953,erythroid
8:62284620_62285244,erythroid
8:91987617_91988612,cardiomyocyte
8:93569578_93570085,erythroid
8:95596681_95597228,endothelium
9:106318098_106318619,mid_hindbrain
9:23116259_23116792,somitic_mesoderm
9:41978265_41978836,cardiomyocyte
9:43768676_43769231,cardiomyocyte
9:47778340_47778867,forebrain
9:67170702_67171275,somitic_mesoderm
9:71663545_71664067,erythroid
9:71709216_71709717,endothelium
9:7718497_7719054,mesenchyme
9:86594132_86594934,cardiomyocyte
X:59220555_59221139,erythroid
1:100804972_100806060,endothelium
1:135410945_135411447,mid_hindbrain
1:137073737_137074320,mesenchyme
1:137074660_137075179,somitic_mesoderm
1:152461726_152462263,somitic_mesoderm
1:152594656_152595204,endothelium
1:152798062_152798664,forebrain
1:164135191_164135908,spinalCord
1:164993978_164994732,erythroid
1:165691458_165692011,spinalCord
1:171171087_171171613,cardiomyocyte
1:176573613_176574207,erythroid
1:177470027_177470590,cardiomyocyte
1:177708387_177709245,erythroid
1:180277570_180278141,endothelium
1:180536634_180537237,cardiomyocyte
1:181454004_181454533,cardiomyocyte
1:189867469_189868406,cardiomyocyte
1:191479970_191480483,cardiomyocyte
1:192061676_192062206,cardiomyocyte
1:192532133_192532660,spinalCord
1:30850867_30851437,cardiomyocyte
1:38499356_38499865,gut
1:39735476_39736776,endothelium
1:43413252_43413856,spinalCord
1:55193207_55193816,somitic_mesoderm
1:60862764_60863373,endothelium
1:61373663_61374207,somitic_mesoderm
1:64970641_64971144,erythroid
1:73200109_73200614,mesenchyme
1:87626360_87626863,endothelium
1:87900875_87901424,somitic_mesoderm
1:89054293_89054860,cardiomyocyte
10:105500413_105500915,endothelium
10:110353468_110354017,forebrain
10:111093955_111094839,spinalCord
10:115777974_115778542,mesenchyme
10:120576783_120577343,spinalCord
10:121971571_121972172,erythroid
10:122855073_122855617,neural_crest
10:122932942_122933532,cardiomyocyte
10:14168127_14168689,endothelium
10:14476063_14477160,gut
10:18430083_18430655,gut
10:35452126_35452635,forebrain
10:37837612_37838241,endothelium
10:38880717_38881219,erythroid
10:4079672_4080380,forebrain
10:42521548_42522050,endothelium
10:44555190_44555771,gut
10:45618951_45619505,somitic_mesoderm
10:52309128_52309738,endothelium
10:53461192_53461799,spinalCord
10:54117720_54118235,spinalCord
10:5591947_5592552,spinalCord
10:59577718_59578260,spinalCord
10:61365770_61366276,endothelium
10:61928725_61929655,endothelium
10:62217191_62217695,mesenchyme
10:75446276_75447144,cardiomyocyte
10:77215610_77216118,neural_crest
10:77221017_77221660,cardiomyocyte
10:8070381_8070882,forebrain
10:87758999_87759530,erythroid
10:91138234_91138740,cardiomyocyte
10:91299744_91300822,gut
10:91341953_91342496,neural_crest
10:93094880_93095901,neural_crest
10:93298051_93298736,neural_crest
10:93391223_93391742,neural_crest
10:94565663_94566176,mid_hindbrain
10:99410646_99411212,endothelium
11:106135112_106135644,cardiomyocyte
11:110942236_110943272,erythroid
11:117316740_117317349,gut
11:117319757_117320312,gut
11:120218921_120219456,mid_hindbrain
11:19827925_19828435,spinalCord
11:22584351_22584852,endothelium
11:30166140_30166647,cardiomyocyte
11:30291016_30291695,endothelium
11:32619301_32619832,cardiomyocyte
11:3418603_3419144,mesenchyme
11:3573093_3573619,endothelium
11:44892772_44893313,erythroid
11:49618389_49618892,endothelium
11:51472919_51473535,forebrain
11:55405568_55406078,somitic_mesoderm
11:59885019_59885703,endothelium
11:60268511_60269012,endothelium
11:76893480_76893981,neural_crest
11:77409808_77410347,mid_hindbrain
11:79003030_79003531,endothelium
11:80715104_80715613,spinalCord
11:89028807_89029401,endothelium
11:94386043_94386654,endothelium
11:95688251_95688964,somitic_mesoderm
11:96410406_96410924,somitic_mesoderm
11:96468211_96468816,mesenchyme
12:102319036_102320378,forebrain
12:109971379_109971930,gut
12:111461441_111461992,spinalCord
12:112184037_112185034,mesenchyme
12:117450021_117450602,endothelium
12:117479568_117480161,mid_hindbrain
12:117663614_117664127,endothelium
12:117751022_117751931,erythroid
12:117755979_117756520,gut
12:17440200_17440731,endothelium
12:21135842_21136418,spinalCord
12:32127755_32128348,cardiomyocyte
12:38928904_38929479,endothelium
12:44928295_44928978,erythroid
12:66675312_66676002,erythroid
12:69751658_69752433,spinalCord
12:73574649_73575196,endothelium
12:75854908_75855549,somitic_mesoderm
12:79838098_79838644,gut
12:81689049_81689995,gut
12:82225707_82227092,erythroid
12:8344785_8345518,endothelium
12:84958797_84959358,erythroid
12:86513412_86513944,erythroid
12:86687909_86688495,endothelium
12:94190638_94191266,forebrain
12:94744380_94744895,endothelium
12:99576661_99577235,forebrain
13:100575860_100576424,endothelium
13:101658998_101659527,erythroid
13:107676326_107677152,mesenchyme
13:109239190_109239756,forebrain
13:110534313_110534934,endothelium
13:115021308_115021836,cardiomyocyte
13:12475063_12475936,gut
13:20174128_20174953,spinalCord
13:26356926_26357431,spinalCord
13:28718248_28718971,neural_crest
13:28931152_28931770,endothelium
13:42565126_42565637,somitic_mesoderm
13:43193097_43193720,mid_hindbrain
13:52085094_52085743,erythroid
13:52222889_52223472,mesenchyme
13:5592409_5592959,endothelium
13:56647816_56648391,erythroid
13:60644549_60645057,endothelium
13:62879780_62880691,spinalCord
13:77991362_77992431,endothelium
13:89398249_89399236,endothelium
13:9026886_9027907,spinalCord
13:91702274_91702833,erythroid
13:98810008_98810557,somitic_mesoderm
14:105767035_105767560,forebrain
14:120544393_120544966,endothelium
14:12099682_12100486,neural_crest
14:121702500_121703050,spinalCord
14:20106072_20106745,somitic_mesoderm
14:31909273_31909847,gut
14:34303101_34303633,cardiomyocyte
14:48202233_48202766,endothelium
14:48421883_48422455,erythroid
14:59554880_59555393,cardiomyocyte
14:64098944_64099641,neural_crest
14:69089028_69089539,mid_hindbrain
14:69135772_69136314,erythroid
14:76912491_76913111,mesenchyme
14:7873418_7873983,gut
15:100673453_100674521,erythroid
15:12225065_12225573,endothelium
15:28105888_28106389,neural_crest
15:36427474_36428167,mesenchyme
15:36454963_36455493,somitic_mesoderm
15:38302053_38302804,somitic_mesoderm
15:41612195_41612703,forebrain
15:55844572_55845200,gut
15:59089685_59090213,erythroid
15:61517100_61517742,spinalCord
15:64373142_64373660,endothelium
15:73446882_73447409,erythroid
15:77343379_77343950,somitic_mesoderm
15:77797953_77798454,neural_crest
15:91703075_91703677,somitic_mesoderm
15:97033385_97034021,cardiomyocyte
15:99448721_99449831,mid_hindbrain
16:10689827_10690378,endothelium
16:10905611_10906244,mesenchyme
16:11078401_11079052,somitic_mesoderm
16:12013081_12013582,mesenchyme
16:12020302_12020872,spinalCord
16:13232778_13233281,spinalCord
16:16907683_16908240,endothelium
16:19979792_19980309,cardiomyocyte
16:21590714_21591315,spinalCord
16:25049942_25050550,somitic_mesoderm
16:30655762_30656321,forebrain
16:30769007_30769632,cardiomyocyte
16:31066214_31066790,erythroid
16:37893889_37894390,cardiomyocyte
16:42456533_42457034,spinalCord
16:42676616_42677124,forebrain
16:4436595_4437354,cardiomyocyte
16:57856547_57857050,somitic_mesoderm
16:58481009_58481621,spinalCord
16:69796225_69796758,somitic_mesoderm
16:76226374_76226901,neural_crest
16:86252540_86253087,forebrain
16:89830121_89830623,endothelium
16:89835509_89836016,spinalCord
16:92883634_92884359,cardiomyocyte
16:95321712_95322465,neural_crest
16:95449278_95449781,endothelium
17:15152883_15153414,endothelium
17:26595292_26595826,erythroid
17:27935028_27935570,spinalCord
17:28014915_28015666,spinalCord
17:30196835_30197404,gut
17:31223863_31224400,forebrain
17:3149442_3150063,somitic_mesoderm
17:31905805_31906336,gut
17:35870010_35870668,endothelium
17:43327696_43328463,forebrain
17:43357869_43358728,cardiomyocyte
17:43366445_43366958,erythroid
17:4712722_4713294,forebrain
17:47813572_47814097,cardiomyocyte
17:50763353_50763897,neural_crest
17:50993556_50994084,neural_crest
17:51258107_51258809,mid_hindbrain
17:56169797_56170302,spinalCord
17:64397327_64397900,gut
17:66322907_66323463,gut
17:67514455_67515295,cardiomyocyte
17:67520697_67521325,endothelium
17:70488470_70489442,cardiomyocyte
17:73102449_73102990,erythroid
17:75073852_75074389,spinalCord
17:83074741_83075343,spinalCord
17:83246064_83246566,mid_hindbrain
17:83397522_83398095,neural_crest
17:87513742_87514311,erythroid
18:13530632_13531173,gut
18:13848431_13849017,somitic_mesoderm
18:13911407_13911952,spinalCord
18:24095144_24095722,spinalCord
18:35838514_35839145,mesenchyme
18:37999330_37999831,neural_crest
18:47218941_47220014,spinalCord
18:49550836_49551346,mesenchyme
18:5125277_5125838,forebrain
18:52749713_52750295,mesenchyme
18:55202833_55204121,neural_crest
18:5536714_5537231,mesenchyme
18:55389655_55390450,erythroid
18:60896831_60897399,mid_hindbrain
18:61632276_61632855,mid_hindbrain
18:61767754_61768260,gut
18:62046832_62047371,mesenchyme
18:68139609_68140170,endothelium
18:71646847_71647384,endothelium
18:83740457_83740959,spinalCord
19:14347330_14347935,erythroid
19:25360649_25361150,somitic_mesoderm
19:27149560_27150061,erythroid
19:30371864_30372365,gut
19:34503042_34503595,spinalCord
19:34844723_34845224,endothelium
19:3687663_3688348,neural_crest
19:37481580_37482179,spinalCord
19:37561231_37562182,spinalCord
19:37918396_37919097,erythroid
19:40249277_40249808,cardiomyocyte
19:40536469_40536971,cardiomyocyte
19:41030942_41031499,somitic_mesoderm
19:41031832_41032335,spinalCord
19:42018687_42019694,neural_crest
19:47510564_47511173,endothelium
19:58855514_58856017,endothelium
19:7400594_7401097,cardiomyocyte
2:102916539_102917086,spinalCord
2:103896083_103896678,cardiomyocyte
2:103901410_103901923,cardiomyocyte
2:112374552_112375111,gut
2:11429490_11430015,cardiomyocyte
2:116942421_116943369,spinalCord
2:118491389_118491932,somitic_mesoderm
2:118782227_118782776,mesenchyme
2:124704874_124705429,cardiomyocyte
2:124848697_124849234,gut
2:127328338_127328871,endothelium
2:131612397_131613024,erythroid
2:131980825_131981363,mid_hindbrain
2:13329715_13330264,mid_hindbrain
2:13391056_13391610,somitic_mesoderm
2:139835526_139836112,somitic_mesoderm
2:14165508_14166107,neural_crest
2:148478240_148478813,mesenchyme
2:148856759_148857260,somitic_mesoderm
2:152785633_152786217,neural_crest
2:160742073_160742616,endothelium
2:166251354_166251868,spinalCord
2:168254588_168255260,erythroid
2:172643783_172644333,cardiomyocyte
2:17363644_17364893,gut
2:18943825_18944358,erythroid
2:20488993_20489562,somitic_mesoderm
2:26578363_26578868,endothelium
2:26593857_26594615,endothelium
2:29944625_29945194,gut
2:30242452_30242997,forebrain
2:30258461_30259013,mid_hindbrain
2:32637677_32638179,mesenchyme
2:33870232_33871225,somitic_mesoderm
2:36032775_36033324,spinalCord
2:36035659_36036184,somitic_mesoderm
2:38533170_38533712,erythroid
2:4570516_4571017,cardiomyocyte
2:60901303_60901860,cardiomyocyte
2:71643829_71644674,endothelium
2:71661326_71661900,endothelium
2:71779443_71780005,forebrain
2:72069920_72070543,somitic_mesoderm
2:72117408_72117953,erythroid
2:84051736_84052495,mid_hindbrain
2:85150366_85150957,endothelium
2:85281041_85281549,forebrain
2:92617842_92618384,spinalCord
2:93214091_93214648,forebrain
2:93303251_93304131,gut
3:102755871_102756372,endothelium
3:104431580_104432162,endothelium
3:104794368_104794963,endothelium
3:105023378_105023904,erythroid
3:107514243_107514772,somitic_mesoderm
3:108886007_108886617,endothelium
3:116864994_116865613,gut
3:122077842_122078869,endothelium
3:122590455_122591034,forebrain
3:126609502_126610426,cardiomyocyte
3:133623328_133623861,spinalCord
3:137150332_137150839,somitic_mesoderm
3:148762397_148763170,spinalCord
3:148790538_148791039,endothelium
3:148806889_148807424,neural_crest
3:148867559_148868094,spinalCord
3:151383503_151384090,neural_crest
3:152171198_152171703,forebrain
3:153394213_153395206,mesenchyme
3:154252193_154252697,endothelium
3:154692072_154692721,erythroid
3:27453580_27454202,gut
3:30245880_30246513,neural_crest
3:30354000_30354633,gut
3:36277866_36278449,cardiomyocyte
3:38275296_38275803,endothelium
3:38283312_38284262,somitic_mesoderm
3:39295159_39295668,somitic_mesoderm
3:52640477_52641194,somitic_mesoderm
3:52955377_52956070,cardiomyocyte
3:57544115_57544740,erythroid
3:58162117_58162618,mid_hindbrain
3:60574024_60574720,mid_hindbrain
3:80800233_80800790,forebrain
3:83706668_83707249,erythroid
3:87117572_87118131,cardiomyocyte
3:87765008_87765527,cardiomyocyte
3:88603569_88604191,erythroid
3:9983848_9984352,spinalCord
4:101192201_101192702,cardiomyocyte
4:102635855_102636469,erythroid
4:105223706_105224297,erythroid
4:115075424_115076009,somitic_mesoderm
4:115642747_115643731,spinalCord
4:115709074_115709575,endothelium
4:118000154_118000737,endothelium
4:120198991_120199715,endothelium
4:123633072_123634010,mesenchyme
4:124705022_124705529,cardiomyocyte
4:126130388_126130907,endothelium
4:127263756_127264298,erythroid
4:133729484_133730296,somitic_mesoderm
4:134778927_134779690,cardiomyocyte
4:135876512_135877155,neural_crest
4:136652844_136653432,gut
4:137920021_137920959,cardiomyocyte
4:139598943_139599699,neural_crest
4:144898155_144898707,mesenchyme
4:144906417_144907296,mesenchyme
4:22278987_22279601,neural_crest
4:32291346_32292050,spinalCord
4:32306142_32307088,somitic_mesoderm
4:32358642_32359281,neural_crest
4:47139265_47139857,cardiomyocyte
4:53187025_53187561,erythroid
4:55042555_55043057,erythroid
4:56648998_56649499,cardiomyocyte
4:62732819_62733328,somitic_mesoderm
4:81178082_81178653,somitic_mesoderm
4:89123764_89124361,endothelium
4:94683108_94683997,erythroid
4:97673829_97674330,endothelium
5:107023905_107024458,mid_hindbrain
5:107081140_107081692,cardiomyocyte
5:110479076_110479620,endothelium
5:112298500_112299107,endothelium
5:112907992_112908842,somitic_mesoderm
5:115529343_115530889,gut
5:115572971_115573659,endothelium
5:120563465_120564024,somitic_mesoderm
5:124213525_124214030,forebrain
5:124266797_124267305,cardiomyocyte
5:124633292_124633871,endothelium
5:128541990_128542699,spinalCord
5:134342465_134342970,somitic_mesoderm
5:136458342_136459073,mesenchyme
5:140767600_140768147,cardiomyocyte
5:142881015_142881525,forebrain
5:142945175_142945773,somitic_mesoderm
5:147721369_147721870,spinalCord
5:147751553_147752333,spinalCord
5:147825341_147826102,cardiomyocyte
5:147826459_147827067,spinalCord
5:148818233_148819140,neural_crest
5:149245866_149246495,endothelium
5:29893725_29894281,endothelium
5:36089155_36089656,gut
5:3670018_3670823,gut
5:38817886_38818535,spinalCord
5:44759139_44759640,mesenchyme
5:45292281_45292796,endothelium
5:5698603_5699120,neural_crest
5:64985866_64986368,spinalCord
5:66559545_66560149,gut
5:75761702_75762525,endothelium
5:75826246_75826751,somitic_mesoderm
5:75933438_75934061,spinalCord
5:76013708_76014241,somitic_mesoderm
5:76067201_76067746,endothelium
5:93030929_93031474,endothelium
5:99669868_99670457,forebrain
6:108236232_108236773,endothelium
6:112402036_112402584,neural_crest
6:114818372_114818965,erythroid
6:115768126_115768657,cardiomyocyte
6:133701356_133702177,endothelium
6:133997880_133998409,cardiomyocyte
6:134186162_134186836,somitic_mesoderm
6:147161832_147162465,spinalCord
6:24571121_24571717,somitic_mesoderm
6:28497780_28498314,spinalCord
6:32460376_32461018,erythroid
6:32570402_32570955,forebrain
6:37431326_37431877,somitic_mesoderm
6:51633441_51634010,gut
6:5167234_5167737,somitic_mesoderm
6:52479098_52479651,cardiomyocyte
6:61430912_61431616,erythroid
6:73072042_73072781,spinalCord
6:84053679_84054214,forebrain
6:86479094_86479910,endothelium
6:87727765_87728792,cardiomyocyte
6:90678659_90679171,mesenchyme
6:90941097_90941666,cardiomyocyte
6:92988212_92988767,mesenchyme
6:93273868_93274843,endothelium
7:100137024_100137547,mid_hindbrain
7:101041826_101042454,gut
7:105227960_105228521,endothelium
7:110208789_110209290,cardiomyocyte
7:112717517_112718198,spinalCord
7:115615556_115616058,forebrain
7:118922284_118922798,somitic_mesoderm
7:121697126_121698011,neural_crest
7:122631430_122632312,cardiomyocyte
7:122820750_122821469,neural_crest
7:123338193_123338861,erythroid
7:125471850_125472490,endothelium
7:125503347_125503974,neural_crest
7:132338316_132338889,endothelium
7:134240552_134241053,mid_hindbrain
7:134242482_134243301,gut
7:134261080_134261889,endothelium
7:144996802_144997303,somitic_mesoderm
7:25707958_25708464,erythroid
7:28381812_28382400,endothelium
7:29457725_29458296,forebrain
7:45004496_45005014,cardiomyocyte
7:67211860_67212569,mesenchyme
7:6879587_6880223,endothelium
7:71500742_71501276,gut
7:82690942_82691575,neural_crest
7:83810224_83810801,spinalCord
7:90023001_90023586,spinalCord
7:92950696_92951309,mid_hindbrain
7:98482669_98483229,cardiomyocyte
8:104095590_104096110,mesenchyme
8:104096623_104097125,mid_hindbrain
8:10910089_10910696,erythroid
8:111595478_111596493,spinalCord
8:111658768_111659269,spinalCord
8:111735070_111735863,mid_hindbrain
8:111801475_111801988,mesenchyme
8:114261996_114262989,mesenchyme
8:119425477_119426110,cardiomyocyte
8:122517421_122517972,erythroid
8:122665062_122665570,endothelium
8:12386854_12387414,erythroid
8:125066783_125067586,spinalCord
8:125314511_125315071,endothelium
8:13699222_13699819,gut
8:24365871_24366406,somitic_mesoderm
8:27133901_27134458,erythroid
8:29789011_29789616,somitic_mesoderm
8:34814432_34815024,neural_crest
8:36745965_36746513,neural_crest
8:3711676_3712178,endothelium
8:54445794_54446699,spinalCord
8:61258711_61259305,spinalCord
8:61615861_61616753,forebrain
8:67713016_67713551,cardiomyocyte
8:71528627_71529145,endothelium
8:72131094_72131603,gut
8:72295561_72296152,erythroid
8:8623286_8624195,endothelium
8:86801812_86802436,gut
8:8801601_8802331,cardiomyocyte
8:90822348_90822963,cardiomyocyte
8:91818684_91819310,gut
9:102777642_102778263,erythroid
9:103660440_103661011,forebrain
9:116228490_116228993,endothelium
9:117373299_117373856,gut
9:122022766_122023315,cardiomyocyte
9:123931576_123932085,mesenchyme
9:21352325_21352867,neural_crest
9:21729307_21729824,erythroid
9:21846645_21847198,spinalCord
9:27109376_27109940,spinalCord
9:31253233_31253740,spinalCord
9:32582044_32582557,cardiomyocyte
9:32618701_32619238,erythroid
9:37537491_37538195,somitic_mesoderm
9:41084295_41084860,somitic_mesoderm
9:43098779_43099327,somitic_mesoderm
9:43504230_43505000,mesenchyme
9:44129900_44130528,forebrain
9:45251217_45251726,erythroid
9:46175685_46176750,erythroid
9:46257546_46258048,erythroid
9:52027107_52027699,erythroid
9:5270815_5271735,spinalCord
9:56520700_56521277,mesenchyme
9:57278129_57278729,neural_crest
9:58548885_58549396,gut
9:59551335_59552245,forebrain
9:60279298_60280015,gut
9:67874774_67875285,somitic_mesoderm
9:70891347_70891928,mesenchyme
9:70977365_70977927,erythroid
9:71606424_71607127,cardiomyocyte
9:71654573_71655124,erythroid
9:71710798_71711540,endothelium
9:71805630_71806131,endothelium
9:94483338_94484004,endothelium
9:95149238_95149775,erythroid
X:104559552_104560177,endothelium
X:11254433_11255070,spinalCord
X:112680598_112681202,erythroid
X:115508171_115508722,somitic_mesoderm
X:96130093_96130615,spinalCord
1:134073016_134073721,mesenchyme
1:157695164_157695673,endothelium
1:161252255_161252942,cardiomyocyte
1:161894486_161895058,cardiomyocyte
1:168313000_168313519,erythroid
1:181372190_181372752,mid_hindbrain
1:191055095_191055654,endothelium
1:191450485_191451048,spinalCord
1:191994401_191994933,forebrain
1:193001481_193002099,forebrain
1:58953955_58954482,endothelium
1:62800302_62800803,forebrain
1:64733366_64733923,spinalCord
1:80030126_80030694,erythroid
1:93033898_93034427,mid_hindbrain
1:94858295_94858963,somitic_mesoderm
10:111668625_111669183,erythroid
10:111680815_111681352,endothelium
10:117097219_117097733,cardiomyocyte
10:117106166_117106716,erythroid
10:117934742_117935290,mesenchyme
10:127205332_127205872,erythroid
10:21054676_21055285,forebrain
10:21268675_21269251,endothelium
10:22854288_22854823,somitic_mesoderm
10:25133519_25134088,endothelium
10:30763048_30763822,mesenchyme
10:40125057_40125682,gut
10:40131692_40132201,erythroid
10:41204813_41205378,neural_crest
10:42243870_42244850,endothelium
10:42537535_42538036,endothelium
10:66907788_66908330,endothelium
10:80032624_80033831,neural_crest
10:86990595_86991130,gut
10:93143305_93143814,erythroid
11:100465065_100465962,somitic_mesoderm
11:103843832_103844416,endothelium
11:103852518_103853026,cardiomyocyte
11:104292951_104293871,mid_hindbrain
11:104661109_104661658,gut
11:105365942_105366481,cardiomyocyte
11:108148406_108148967,somitic_mesoderm
11:108149118_108149623,neural_crest
11:111774192_111774795,neural_crest
11:115804934_115805439,neural_crest
11:11735067_11735640,endothelium
11:120405791_120406298,erythroid
11:16503110_16503627,somitic_mesoderm
11:16976940_16977462,mid_hindbrain
11:20896405_20896916,erythroid
11:22809723_22810224,erythroid
11:31843682_31844286,erythroid
11:32245269_32246446,somitic_mesoderm
11:32284902_32285774,gut
11:32748729_32749289,gut
11:44508784_44509350,forebrain
11:4543202_4543703,somitic_mesoderm
11:45855303_45855862,erythroid
11:4677171_4677695,mesenchyme
11:48873519_48874108,somitic_mesoderm
11:59260927_59261610,endothelium
11:62466475_62467009,erythroid
11:6590852_6591394,endothelium
11:69853956_69854547,endothelium
11:7138214_7138916,somitic_mesoderm
11:74621551_74622689,endothelium
11:77876115_77876624,spinalCord
11:79736201_79736706,mesenchyme
11:84351056_84351585,endothelium
11:87750055_87750568,endothelium
11:87753867_87754425,somitic_mesoderm
12:105738214_105738783,mid_hindbrain
12:110974282_110974783,endothelium
12:17505951_17506519,cardiomyocyte
12:31087039_31087636,erythroid
12:33220615_33221153,neural_crest
12:46405564_46406145,mid_hindbrain
12:4679857_4680358,mesenchyme
12:51699871_51700546,endothelium
12:55051608_55052470,erythroid
12:69293820_69294323,endothelium
12:71932688_71933414,spinalCord
12:80593993_80594607,spinalCord
12:80777847_80778861,somitic_mesoderm
12:84854310_84854926,mesenchyme
12:91757907_91758408,erythroid
13:101863207_101864052,neural_crest
13:106865453_106865998,endothelium
13:107577227_107577736,somitic_mesoderm
13:11836643_11837226,cardiomyocyte
13:20149958_20150607,cardiomyocyte
13:23459240_23459798,mid_hindbrain
13:24159554_24160097,forebrain
13:24419598_24420099,erythroid
13:37878777_37879335,spinalCord
13:45406268_45406798,somitic_mesoderm
13:45849574_45850078,somitic_mesoderm
13:49571321_49571935,mesenchyme
13:51737838_51738346,erythroid
13:52617282_52617851,endothelium
13:73475395_73475896,erythroid
13:92847982_92848483,erythroid
13:94513322_94513835,forebrain
14:118795937_118796719,somitic_mesoderm
14:122651570_122652076,endothelium
14:15354156_15354845,spinalCord
14:20884961_20885513,erythroid
14:21758480_21758981,spinalCord
14:25464462_25465092,spinalCord
14:32145988_32146557,erythroid
14:47240566_47241071,mesenchyme
14:54705703_54706323,neural_crest
14:63110245_63110750,cardiomyocyte
14:65102225_65103155,erythroid
14:69240665_69241682,erythroid
14:69240989_69242448,gut
15:12857974_12858539,spinalCord
15:27496813_27497365,somitic_mesoderm
15:58743702_58744247,somitic_mesoderm
15:62158743_62159382,mid_hindbrain
15:77773524_77774065,somitic_mesoderm
15:80076299_80077235,endothelium
15:86105227_86105736,endothelium
15:8661742_8662364,gut
15:97379375_97379926,erythroid
15:98116212_98116720,gut
16:12720984_12721846,cardiomyocyte
16:14447887_14448398,erythroid
16:17220404_17220907,cardiomyocyte
16:17251985_17252687,somitic_mesoderm
16:17638124_17638683,erythroid
16:18353002_18353523,somitic_mesoderm
16:18418665_18419620,spinalCord
16:30035005_30035606,somitic_mesoderm
16:32507381_32508236,mid_hindbrain
16:34031541_34032042,erythroid
16:34050086_34050587,neural_crest
16:35677402_35678003,endothelium
16:4414257_4414783,endothelium
16:56071595_56072144,gut
16:58497761_58498262,mid_hindbrain
16:77026591_77027656,mesenchyme
16:90523838_90524344,spinalCord
16:90963818_90964768,erythroid
16:91086541_91087042,erythroid
16:91441720_91442230,somitic_mesoderm
16:91864834_91865335,mesenchyme
16:92801464_92801965,somitic_mesoderm
16:93147427_93148000,forebrain
16:93744762_93745791,somitic_mesoderm
16:97006487_97006989,neural_crest
17:12204883_12205732,spinalCord
17:15205769_15206275,endothelium
17:27152976_27153528,somitic_mesoderm
17:28351971_28352472,gut
17:28828770_28829983,endothelium
17:28832004_28833317,erythroid
17:29443637_29444177,somitic_mesoderm
17:32108531_32109084,endothelium
17:46174996_46175522,somitic_mesoderm
17:47617551_47618092,neural_crest
17:65988117_65988634,somitic_mesoderm
17:79350686_79351191,erythroid
17:81032005_81032540,mid_hindbrain
17:84154238_84154746,mid_hindbrain
18:12166761_12167615,cardiomyocyte
18:21151959_21152644,gut
18:24103764_24104351,cardiomyocyte
18:35619436_35619944,cardiomyocyte
18:36274655_36275256,neural_crest
18:56455271_56456310,endothelium
18:61696949_61697510,somitic_mesoderm
18:64491188_64491689,neural_crest
18:74729139_74729694,cardiomyocyte
18:75489927_75490525,mesenchyme
18:78212446_78212947,somitic_mesoderm
18:82614851_82616266,endothelium
18:82771073_82771575,endothelium
18:84848816_84849367,somitic_mesoderm
19:32172350_32172924,spinalCord
19:34656400_34657004,endothelium
19:45602491_45603019,cardiomyocyte
19:46036998_46037618,erythroid
19:46503640_46504157,cardiomyocyte
19:47402886_47403470,gut
19:59360472_59360973,mid_hindbrain
19:60799764_60800299,spinalCord
2:103583977_103584678,cardiomyocyte
2:103893551_103894334,mesenchyme
2:104078258_104078815,gut
2:109919889_109920390,forebrain
2:119024766_119025283,erythroid
2:120660388_120660988,cardiomyocyte
2:132695453_132696398,erythroid
2:139488611_139489170,cardiomyocyte
2:153495572_153496145,spinalCord
2:163642553_163643170,erythroid
2:167039299_167039800,mesenchyme
2:167447588_167448119,erythroid
2:167801316_167801829,gut
2:172290399_172290931,erythroid
2:172348191_172348812,erythroid
2:173036580_173037615,spinalCord
2:173038142_173038653,forebrain
2:174453618_174454172,mesenchyme
2:19699846_19700351,erythroid
2:28064400_28064934,neural_crest
2:28598079_28598639,forebrain
2:35506205_35506706,neural_crest
2:6285609_6286312,cardiomyocyte
2:77177448_77177953,mid_hindbrain
2:84938487_84939126,somitic_mesoderm
2:90661287_90662040,endothelium
2:91244636_91245417,endothelium
2:92174227_92174740,erythroid
2:92444280_92444873,somitic_mesoderm
3:105892173_105893331,neural_crest
3:140950216_140950767,spinalCord
3:144627554_144628464,somitic_mesoderm
3:144670063_144670646,neural_crest
3:146127125_146127770,mesenchyme
3:146393442_146393972,endothelium
3:153999738_154000296,mesenchyme
3:28775862_28776365,neural_crest
3:37553363_37553888,endothelium
3:40480486_40481197,spinalCord
3:60819903_60820450,spinalCord
3:8939586_8940087,endothelium
3:9613886_9614507,neural_crest
3:9662905_9663413,mesenchyme
4:106613459_106613976,somitic_mesoderm
4:120665052_120665565,somitic_mesoderm
4:124774351_124774917,somitic_mesoderm
4:132427938_132428495,cardiomyocyte
4:132529976_132530844,spinalCord
4:133057698_133058221,somitic_mesoderm
4:133059122_133059623,gut
4:133389932_133390532,mesenchyme
4:14898708_14899216,spinalCord
4:151960254_151961135,neural_crest
4:153669031_153669542,erythroid
4:32909152_32909805,somitic_mesoderm
4:32916917_32917437,erythroid
4:32986858_32987475,somitic_mesoderm
4:46023076_46023578,somitic_mesoderm
4:5794814_5795652,erythroid
4:69039831_69040335,mid_hindbrain
4:70261199_70261810,erythroid
4:98098572_98099079,forebrain
5:100055144_100055665,spinalCord
5:103737695_103738198,endothelium
5:103762680_103763275,endothelium
5:105565580_105566388,somitic_mesoderm
5:107759008_107759563,spinalCord
5:112359431_112359933,mesenchyme
5:115055278_115055846,cardiomyocyte
5:115068944_115069490,endothelium
5:115070973_115071474,neural_crest
5:115267021_115267554,neural_crest
5:115947518_115948050,endothelium
5:120136202_120136781,endothelium
5:125641744_125642245,erythroid
5:131814075_131814587,mesenchyme
5:139382655_139383160,mesenchyme
5:143058050_143058597,mid_hindbrain
5:20897446_20897972,cardiomyocyte
5:24878088_24878724,erythroid
5:27248590_27249093,endothelium
5:34959955_34960485,endothelium
5:36720954_36721468,cardiomyocyte
5:37941382_37942377,somitic_mesoderm
5:50126091_50126626,forebrain
5:65731471_65732032,gut
5:88724094_88724595,erythroid
5:96716592_96717113,neural_crest
5:96951620_96952201,endothelium
6:124375520_124376069,endothelium
6:127320915_127321499,spinalCord
6:134984629_134985289,endothelium
6:145089105_145089847,endothelium
6:29700975_29701528,gut
6:32850865_32851402,forebrain
6:38341583_38342137,endothelium
6:38900421_38900922,mesenchyme
6:5314746_5315748,neural_crest
6:54719290_54719828,neural_crest
6:57745275_57745904,somitic_mesoderm
6:86884756_86885276,somitic_mesoderm
6:87183838_87184564,neural_crest
7:103865678_103866183,cardiomyocyte
7:109588863_109589399,cardiomyocyte
7:109852777_109853348,forebrain
7:111004037_111004568,endothelium
7:125428716_125429217,gut
7:126348205_126348736,neural_crest
7:141558320_141558821,endothelium
7:144731796_144732398,somitic_mesoderm
7:16819635_16820327,endothelium
7:19177797_19178330,endothelium
7:19239892_19240451,erythroid
7:67210373_67210885,somitic_mesoderm
7:68189131_68189680,mesenchyme
7:78799618_78800217,endothelium
7:81124684_81125185,endothelium
8:11047745_11048251,gut
8:11083951_11084533,cardiomyocyte
8:110921345_110921951,forebrain
8:110988042_110988630,endothelium
8:111573428_111574004,endothelium
8:117074095_117074710,neural_crest
8:120293756_120294549,cardiomyocyte
8:120325280_120325812,spinalCord
8:120485355_120485936,endothelium
8:121899119_121899681,neural_crest
8:122304025_122304567,neural_crest
8:122309213_122309812,mid_hindbrain
8:122341681_122342210,erythroid
8:122545977_122546526,gut
8:123988310_123989315,mid_hindbrain
8:125869712_125870265,forebrain
8:13202721_13203268,erythroid
8:44699296_44699883,spinalCord
8:70422680_70423189,somitic_mesoderm
8:70622010_70622611,erythroid
8:80501172_80501677,endothelium
8:83422987_83423921,endothelium
8:84730588_84731268,somitic_mesoderm
8:8583219_8583736,neural_crest
8:94964737_94965238,somitic_mesoderm
9:102890049_102890575,gut
9:110668467_110669023,mid_hindbrain
9:37554146_37554683,gut
9:41072466_41073463,mid_hindbrain
9:61666053_61666559,forebrain
9:62353693_62354202,endothelium
9:70914614_70915120,cardiomyocyte
9:70926760_70927299,gut
9:75431149_75431756,gut
9:90237532_90238165,endothelium
9:97842010_97842515,endothelium
9:99182190_99182695,endothelium
X:101287430_101288032,spinalCord
X:11993983_11994604,gut
X:150549558_150550185,spinalCord
X:56446404_56446920,spinalCord
X:7971127_7971806,forebrain
X:7993222_7993843,endothelium
X:8102227_8102859,endothelium
X:98908709_98909545,somitic_mesoderm
1:105246010_105246701,forebrain
1:135645646_135646194,erythroid
1:14225340_14225916,somitic_mesoderm
1:146523788_146524293,forebrain
1:16202022_16202523,somitic_mesoderm
1:167065450_167066003,mesenchyme
1:173389732_173390557,endothelium
1:23373919_23374517,endothelium
1:35697726_35698316,spinalCord
1:41166215_41166823,spinalCord
1:60627034_60627535,mesenchyme
1:64853615_64854205,spinalCord
1:64975226_64975870,endothelium
1:75424809_75425334,somitic_mesoderm
1:80424633_80425176,forebrain
1:8557694_8558523,forebrain
10:43188153_43188697,somitic_mesoderm
10:58622489_58623004,forebrain
10:8089171_8089738,spinalCord
10:91542015_91542650,spinalCord
11:100501212_100501815,erythroid
11:113016612_113017122,gut
11:115174603_115175330,gut
11:12370861_12371363,somitic_mesoderm
11:29062008_29062509,endothelium
11:33143851_33144355,somitic_mesoderm
11:34290162_34290748,somitic_mesoderm
11:37153723_37154317,somitic_mesoderm
11:43575167_43576127,somitic_mesoderm
11:62430461_62431038,somitic_mesoderm
11:72338509_72339142,spinalCord
11:76268022_76268625,erythroid
11:79646030_79647208,somitic_mesoderm
11:80889282_80889829,endothelium
11:81926264_81926871,gut
11:89985681_89986256,forebrain
12:105186061_105186934,forebrain
12:105874961_105875624,erythroid
12:119241011_119241596,somitic_mesoderm
12:54981323_54981939,mesenchyme
13:116514822_116515323,cardiomyocyte
13:15623077_15623706,erythroid
13:16696455_16697319,erythroid
13:20608962_20609463,neural_crest
13:26113515_26114133,erythroid
13:64909914_64910465,erythroid
13:97237405_97237960,endothelium
13:97797310_97797903,neural_crest
14:11577156_11577983,endothelium
14:120139552_120140233,gut
14:120803583_120804299,endothelium
14:122280761_122281303,endothelium
14:27005638_27006561,somitic_mesoderm
14:30594241_30594785,cardiomyocyte
14:34969017_34969527,cardiomyocyte
14:48171518_48172047,somitic_mesoderm
14:61134242_61134775,neural_crest
14:63652925_63653492,erythroid
14:86465637_86466171,endothelium
15:12341158_12341916,forebrain
15:28057429_28058024,erythroid
15:57858229_57858795,endothelium
15:59521918_59522518,spinalCord
15:61993074_61993638,somitic_mesoderm
15:66914765_66915302,gut
15:74052807_74053321,cardiomyocyte
15:83734633_83735165,cardiomyocyte
15:91075561_91076091,cardiomyocyte
15:95640372_95640878,erythroid
16:12258979_12259481,erythroid
16:17920481_17921062,mesenchyme
16:25675168_25675703,somitic_mesoderm
16:34395076_34395592,cardiomyocyte
16:42305944_42306514,spinalCord
16:44660914_44661489,mid_hindbrain
16:90132224_90132827,somitic_mesoderm
16:94179206_94180045,spinalCord
17:17424933_17425439,neural_crest
17:29214609_29215110,endothelium
17:29896045_29896667,erythroid
17:70872003_70873092,forebrain
17:87326942_87327496,spinalCord
18:21673309_21673810,spinalCord
18:5886237_5886831,forebrain
18:66015449_66015986,endothelium
18:72724967_72725492,spinalCord
19:23948050_23948781,forebrain
19:24501561_24502071,somitic_mesoderm
19:26876871_26877372,neural_crest
19:30644395_30644988,erythroid
19:58981448_58982000,somitic_mesoderm
19:60159745_60160268,mesenchyme
19:6533899_6534439,cardiomyocyte
2:117090356_117090884,mesenchyme
2:124675504_124676111,spinalCord
2:125074671_125075371,spinalCord
2:137153280_137153846,cardiomyocyte
2:146548700_146549651,gut
2:158193866_158194419,mesenchyme
2:166488931_166489626,cardiomyocyte
2:29643286_29643799,spinalCord
2:29652959_29653506,erythroid
3:127190417_127190985,erythroid
3:16431456_16432010,somitic_mesoderm
3:30219090_30219694,endothelium
3:40092629_40093341,endothelium
3:53644686_53645208,somitic_mesoderm
3:5836192_5836768,endothelium
3:63879007_63879761,mesenchyme
3:89878221_89878770,somitic_mesoderm
4:104497135_104497732,gut
4:117601292_117601795,neural_crest
4:125313161_125313779,erythroid
4:126601941_126602649,cardiomyocyte
4:138729170_138729740,somitic_mesoderm
4:139925599_139926196,endothelium
4:45063862_45064417,endothelium
4:53775641_53776683,neural_crest
4:63580033_63580582,somitic_mesoderm
4:92958692_92959195,erythroid
4:99589752_99590415,forebrain
5:106322411_106322999,spinalCord
5:114670088_114670605,gut
5:124930896_124931726,erythroid
5:131499926_131500794,gut
5:131531883_131532448,endothelium
5:13320098_13320613,endothelium
5:133884883_133885483,spinalCord
5:144728226_144728739,spinalCord
5:20551342_20551864,somitic_mesoderm
5:33694943_33695562,spinalCord
5:39076395_39076978,somitic_mesoderm
5:48050344_48051309,neural_crest
5:54762889_54763426,cardiomyocyte
5:65525590_65526532,somitic_mesoderm
5:77137768_77138271,spinalCord
5:99687818_99688342,endothelium
6:100421879_100422497,spinalCord
6:112838853_112839355,erythroid
6:114174268_114174793,endothelium
6:119492073_119493067,neural_crest
6:88942521_88943135,spinalCord
6:93566610_93567226,spinalCord
7:113902094_113902603,endothelium
7:120092967_120093471,spinalCord
7:131696836_131697360,somitic_mesoderm
7:75854036_75854641,somitic_mesoderm
7:89226624_89227177,gut
7:96647601_96648163,gut
8:115425497_115426000,cardiomyocyte
8:116203575_116204117,neural_crest
8:14916456_14916959,mesenchyme
8:16314405_16315161,neural_crest
8:16936885_16937404,mesenchyme
8:23420461_23420977,forebrain
8:32053698_32054333,cardiomyocyte
8:36177584_36178283,forebrain
8:42361202_42361734,spinalCord
8:57705848_57706471,spinalCord
8:92064050_92064596,spinalCord
8:98309351_98309870,erythroid
9:100046437_100046938,endothelium
9:102109629_102110136,spinalCord
9:104906064_104906569,endothelium
9:118255703_118256209,spinalCord
9:20682002_20682866,cardiomyocyte
9:28431987_28432747,somitic_mesoderm
9:29873162_29874224,forebrain
9:40908892_40909423,endothelium
9:47904248_47904777,endothelium
9:64605478_64606403,mesenchyme
9:86668520_86669029,erythroid
9:90731296_90731895,spinalCord
9:9269157_9269766,spinalCord
9:96725850_96726374,mid_hindbrain
X:14632544_14633062,spinalCord
X:60831297_60831925,forebrain
X:99045367_99045868,erythroid
X:99220565_99221095,erythroid
1:128652932_128653434,endothelium
1:129082298_129082867,spinalCord
1:156470565_156471100,endothelium
1:160259863_160260376,erythroid
1:187900626_187901188,forebrain
1:31094801_31095386,gut
1:34779819_34780383,somitic_mesoderm
1:36249755_36250337,somitic_mesoderm
1:4724801_4725392,erythroid
1:54815397_54815961,somitic_mesoderm
1:62048342_62049223,endothelium
1:72960365_72960956,erythroid
1:74971476_74972170,somitic_mesoderm
1:75027281_75027829,forebrain
1:77468861_77469396,spinalCord
1:90404823_90405325,somitic_mesoderm
10:120558088_120558680,erythroid
10:12467500_12468009,mesenchyme
10:28118651_28119228,erythroid
10:28645358_28646048,endothelium
10:41763287_41764213,mesenchyme
10:44084219_44084845,spinalCord
10:50902639_50903732,endothelium
10:67698595_67699104,mesenchyme
10:69305499_69306099,cardiomyocyte
10:69414896_69415407,mid_hindbrain
10:69570833_69571365,cardiomyocyte
11:102129759_102130571,gut
11:113667095_113667596,erythroid
11:49107550_49108139,gut
11:49785124_49785625,erythroid
11:63458163_63458778,endothelium
11:63957084_63957690,cardiomyocyte
11:68285254_68286384,spinalCord
11:84952446_84952981,endothelium
11:89476857_89477436,mid_hindbrain
11:96732586_96733118,cardiomyocyte
11:97287862_97288422,neural_crest
12:21134283_21134852,endothelium
12:21173245_21173860,mesenchyme
12:21492722_21493454,erythroid
12:25011632_25012461,forebrain
12:25209374_25209875,forebrain
12:30216909_30217450,erythroid
12:32044331_32044871,somitic_mesoderm
12:39958178_39958699,endothelium
12:55495005_55495652,endothelium
12:56824581_56825082,endothelium
12:56829321_56829949,endothelium
12:72053824_72054336,endothelium
12:95652305_95652930,forebrain
13:114064901_114065510,gut
13:14088622_14089159,erythroid
13:15537188_15537693,gut
13:41352184_41352751,forebrain
13:41423628_41424129,somitic_mesoderm
13:46269050_46269572,mesenchyme
13:6189415_6189984,mesenchyme
13:73290196_73290747,somitic_mesoderm
13:83952692_83953259,gut
13:99640107_99640608,somitic_mesoderm
14:101984322_101984845,erythroid
14:121951337_121951889,spinalCord
14:12580629_12581186,mesenchyme
14:16587704_16588317,endothelium
14:20614215_20614718,cardiomyocyte
14:34615501_34616060,cardiomyocyte
15:11794577_11795105,spinalCord
15:12232344_12232849,endothelium
15:27423019_27423636,gut
15:34188677_34189268,somitic_mesoderm
15:37135454_37136155,cardiomyocyte
15:37238030_37238539,mid_hindbrain
15:50661312_50661844,neural_crest
15:77910954_77911543,endothelium
15:83373982_83374561,endothelium
15:83411472_83412029,neural_crest
15:93540405_93540932,erythroid
15:97364802_97365497,somitic_mesoderm
16:29668403_29668904,endothelium
16:30053089_30053644,forebrain
16:30099055_30099556,neural_crest
16:30113041_30113701,endothelium
16:32604842_32605343,erythroid
16:33338437_33338938,erythroid
16:36743484_36743999,erythroid
16:37425503_37426257,somitic_mesoderm
16:37564761_37565327,erythroid
16:57506037_57506582,gut
16:97594152_97594841,forebrain
16:97606531_97607509,somitic_mesoderm
17:26564397_26564928,somitic_mesoderm
17:4196662_4197252,neural_crest
17:47473310_47473957,spinalCord
17:57070526_57071200,mesenchyme
17:72904042_72904645,spinalCord
17:83998851_83999795,neural_crest
17:85881607_85882232,mesenchyme
17:88485814_88486365,erythroid
18:34025424_34026080,forebrain
18:35675986_35676546,neural_crest
18:44669152_44669708,mesenchyme
18:47483726_47484450,neural_crest
18:61096272_61096821,spinalCord
18:6450406_6451009,somitic_mesoderm
19:36796723_36797401,cardiomyocyte
19:55418672_55419223,somitic_mesoderm
19:55595767_55596353,spinalCord
19:9923015_9923751,erythroid
2:103294447_103295008,erythroid
2:119806981_119807482,mid_hindbrain
2:132923667_132924236,erythroid
2:133723716_133724688,somitic_mesoderm
2:144547420_144548135,erythroid
2:147190522_147191033,erythroid
2:152739065_152740222,spinalCord
2:170287322_170287948,somitic_mesoderm
2:180740147_180741086,somitic_mesoderm
2:35267099_35268081,somitic_mesoderm
2:58561866_58562627,somitic_mesoderm
2:93257585_93258086,erythroid
3:104562886_104563507,spinalCord
3:105007979_105008489,cardiomyocyte
3:105846216_105846806,somitic_mesoderm
3:122106818_122107387,gut
3:127830954_127831670,endothelium
3:144518849_144519362,somitic_mesoderm
3:145684716_145685597,mid_hindbrain
3:19674415_19675028,somitic_mesoderm
3:27728958_27729530,mid_hindbrain
3:34753368_34754225,erythroid
3:68534354_68534988,endothelium
3:87112835_87113638,cardiomyocyte
3:88840276_88840945,endothelium
3:90425436_90426432,mesenchyme
4:129750368_129750933,cardiomyocyte
4:150259919_150260427,endothelium
4:150599449_150600095,gut
4:151180263_151180836,endothelium
4:154478808_154479373,erythroid
4:45413608_45414124,endothelium
4:53130763_53131523,gut
4:62336583_62337166,mid_hindbrain
4:62980841_62981462,mid_hindbrain
4:70381579_70382273,neural_crest
4:70544299_70544936,gut
4:95133736_95134248,spinalCord
5:118379268_118379769,endothelium
5:123842082_123842587,forebrain
5:134321678_134322183,mesenchyme
5:146912089_146912767,neural_crest
5:18114907_18115746,erythroid
5:20101448_20102023,endothelium
5:29467604_29468289,cardiomyocyte
5:34218628_34219181,neural_crest
5:66881780_66882499,mid_hindbrain
5:91718266_91718882,erythroid
5:93034826_93036011,spinalCord
5:96451977_96452498,mesenchyme
6:127330079_127330684,spinalCord
6:136407411_136407931,mesenchyme
6:18247885_18248939,mesenchyme
6:47582823_47583365,erythroid
6:61233685_61234197,erythroid
6:6207842_6208385,endothelium
6:71065223_71065933,erythroid
6:72239806_72240379,cardiomyocyte
7:112498370_112498949,endothelium
7:115423434_115423943,spinalCord
7:131337547_131338112,neural_crest
7:19547289_19547792,endothelium
7:25509945_25510507,endothelium
7:30846534_30847036,somitic_mesoderm
7:45677413_45678052,erythroid
7:72408346_72409062,spinalCord
7:73792319_73793176,mesenchyme
7:99200154_99200789,somitic_mesoderm
8:106672521_106673209,cardiomyocyte
8:12940944_12941877,somitic_mesoderm
8:27058048_27058808,somitic_mesoderm
8:31520980_31521483,erythroid
8:65083259_65083769,neural_crest
8:65104811_65105424,spinalCord
8:74804794_74805365,mid_hindbrain
8:79615708_79616458,spinalCord
8:92104478_92105075,somitic_mesoderm
9:107735490_107736044,erythroid
9:114886164_114886797,endothelium
9:120541964_120542665,somitic_mesoderm
9:120601702_120602325,erythroid
9:120764179_120765122,neural_crest
9:14134825_14135463,mid_hindbrain
9:34204422_34205406,somitic_mesoderm
9:43132268_43132844,somitic_mesoderm
9:48782630_48783144,cardiomyocyte
9:49365716_49366320,somitic_mesoderm
9:50986472_50987289,erythroid
9:61795873_61796464,endothelium
9:64520237_64520796,gut
9:72047825_72048326,erythroid
9:80504453_80505075,endothelium
9:99096479_99097140,spinalCord
X:11415551_11416188,gut
X:157546930_157547529,mesenchyme
1:118936142_118936776,erythroid
1:119033687_119034240,neural_crest
1:162243353_162243953,spinalCord
1:165046553_165047142,erythroid
1:193315899_193316489,endothelium
1:51411683_51412204,mesenchyme
1:54749857_54750411,somitic_mesoderm
1:62580350_62580956,somitic_mesoderm
1:77339342_77339867,erythroid
1:91227424_91228306,gut
10:119048935_119049489,endothelium
10:31327774_31328317,cardiomyocyte
10:4306002_4306514,neural_crest
10:59287144_59288125,endothelium
10:68625257_68625839,somitic_mesoderm
10:77895451_77895980,neural_crest
10:80961010_80961567,erythroid
10:84201727_84202314,endothelium
10:86416715_86417302,gut
11:105504974_105505495,cardiomyocyte
11:113019400_113019979,forebrain
11:11871358_11871901,forebrain
11:35225541_35226042,mesenchyme
11:46205900_46206499,erythroid
11:46213775_46214328,spinalCord
11:50622148_50622721,neural_crest
11:50653905_50654466,spinalCord
11:52402027_52402596,cardiomyocyte
11:5891106_5891931,spinalCord
11:74404175_74404719,mesenchyme
11:94513457_94514025,endothelium
11:99132250_99132811,endothelium
12:102597437_102597952,endothelium
12:109398867_109399417,neural_crest
12:109437550_109438182,neural_crest
12:109449295_109449828,forebrain
12:109502251_109502958,forebrain
12:12356488_12356992,mesenchyme
12:13176763_13177272,forebrain
12:13180507_13181199,gut
12:16761802_16762345,erythroid
12:31306129_31306678,gut
12:79859536_79860138,gut
12:83387327_83387960,mesenchyme
12:98060809_98061317,spinalCord
13:104907864_104908417,erythroid
13:112252888_112253768,endothelium
13:31267762_31268264,endothelium
13:35765720_35766237,endothelium
13:42526888_42527435,erythroid
13:63641731_63642328,mesenchyme
13:63914832_63915373,spinalCord
13:63927251_63927753,neural_crest
13:64034951_64035509,endothelium
14:20749476_20750244,somitic_mesoderm
14:25196783_25197325,cardiomyocyte
14:25487919_25488427,forebrain
14:25757808_25758384,mid_hindbrain
14:31212476_31212980,neural_crest
14:99019026_99019571,endothelium
15:3381283_3381925,gut
15:50991651_50992256,erythroid
15:83444330_83444950,endothelium
15:83445790_83446291,gut
15:86083171_86083735,mesenchyme
15:9135049_9135607,erythroid
15:93537783_93538411,spinalCord
16:10337778_10338359,mesenchyme
16:29729985_29730499,endothelium
16:29954304_29954910,endothelium
16:33580548_33581204,endothelium
16:58421882_58422398,endothelium
16:92183319_92183993,spinalCord
16:95390731_95391319,mesenchyme
17:14386789_14387328,erythroid
17:45944777_45945494,cardiomyocyte
17:6127893_6128410,erythroid
17:63008159_63008824,mid_hindbrain
17:79563670_79564216,cardiomyocyte
18:44521488_44522031,mid_hindbrain
18:53425548_53426414,spinalCord
18:57266875_57267421,endothelium
18:62044034_62044542,somitic_mesoderm
18:75293375_75294312,mesenchyme
18:83467753_83468272,cardiomyocyte
19:10908869_10909827,gut
19:32610035_32610599,spinalCord
19:47330554_47331161,erythroid
19:56425628_56426169,gut
19:9047334_9048031,erythroid
19:9079736_9080356,mesenchyme
2:130452220_130452725,erythroid
2:151915909_151916452,spinalCord
2:151921567_151922073,spinalCord
2:153436470_153437046,forebrain
2:157471743_157472255,somitic_mesoderm
2:20284268_20284907,spinalCord
2:27798779_27799779,erythroid
2:30918414_30919232,endothelium
2:4326749_4327259,spinalCord
2:59361419_59362003,erythroid
2:70901368_70902034,mid_hindbrain
2:75327665_75328286,gut
2:93538040_93538766,gut
3:101155834_101156626,forebrain
3:101163503_101164041,somitic_mesoderm
3:105511804_105512319,forebrain
3:107793329_107794150,erythroid
3:117988346_117988917,erythroid
3:132349628_132350130,somitic_mesoderm
3:136006495_136007564,gut
3:30470448_30471057,mid_hindbrain
3:85372896_85373527,endothelium
3:86724960_86725557,mid_hindbrain
3:95054391_95055376,forebrain
3:95696292_95696877,neural_crest
4:119019135_119020110,endothelium
4:137869649_137870165,gut
4:142223691_142224224,neural_crest
4:14805197_14805749,cardiomyocyte
4:31404994_31405503,cardiomyocyte
4:31469773_31470295,somitic_mesoderm
4:55141253_55141818,endothelium
4:59823206_59823839,erythroid
4:94747518_94748046,somitic_mesoderm
5:140515094_140515613,erythroid
5:142810998_142811533,endothelium
5:147795108_147795629,spinalCord
5:16095416_16096003,somitic_mesoderm
5:33714314_33714882,endothelium
5:92885986_92886499,mesenchyme
6:127375602_127376597,mesenchyme
6:144224921_144225498,endothelium
6:30665191_30665719,neural_crest
6:39059393_39060112,spinalCord
6:4561123_4561706,spinalCord
6:51103107_51103610,cardiomyocyte
6:6467344_6468144,forebrain
6:72981058_72981600,spinalCord
6:82856182_82856727,cardiomyocyte
6:91674918_91675474,mesenchyme
6:93177181_93177818,endothelium
6:93544086_93544698,erythroid
7:133933306_133933812,endothelium
7:144689783_144690300,endothelium
7:28587581_28588161,mesenchyme
8:111729512_111730099,endothelium
8:11274325_11274923,spinalCord
8:120860731_120861242,gut
8:122074029_122075010,cardiomyocyte
8:125307512_125308186,mid_hindbrain
8:125620260_125620824,erythroid
8:126744623_126745210,somitic_mesoderm
8:13529232_13529769,mid_hindbrain
8:13530911_13531608,erythroid
8:25212928_25213497,endothelium
8:35865844_35866436,spinalCord
8:35916092_35916612,spinalCord
8:75018174_75018731,gut
8:77488055_77488556,neural_crest
8:88555686_88556297,somitic_mesoderm
8:91715717_91716415,erythroid
9:102759417_102760166,gut
9:114798789_114799293,spinalCord
9:24873398_24874119,cardiomyocyte
9:31011598_31012136,mesenchyme
9:57354140_57355136,spinalCord
9:58295775_58296536,mid_hindbrain
9:60787412_60788254,somitic_mesoderm
9:64114539_64115102,endothelium
9:67639951_67640463,mid_hindbrain
9:72779597_72780265,endothelium
9:77385145_77385732,mid_hindbrain
9:86736857_86737473,endothelium
X:53161073_53162096,spinalCord
1:106199556_106200149,mid_hindbrain
1:110227622_110228127,endothelium
1:115843591_115844110,erythroid
1:12055720_12056221,mesenchyme
1:121177031_121177618,neural_crest
1:126269791_126270334,cardiomyocyte
1:154591339_154591920,mesenchyme
1:157440268_157440842,endothelium
1:178201075_178201640,forebrain
1:190665797_190666380,endothelium
1:31233554_31234111,somitic_mesoderm
1:53581256_53581820,somitic_mesoderm
1:72813826_72814428,gut
1:77599414_77599936,mesenchyme
1:84327626_84328413,neural_crest
1:85917041_85917547,cardiomyocyte
10:122827635_122828156,endothelium
10:13916720_13917560,spinalCord
10:19309915_19310448,somitic_mesoderm
10:90809736_90810258,neural_crest
10:93242132_93242669,mid_hindbrain
10:9331571_9332145,somitic_mesoderm
10:94043919_94044472,forebrain
11:114597170_114597682,endothelium
11:114619588_114620186,spinalCord
12:106535831_106536410,cardiomyocyte
12:119333205_119333758,spinalCord
12:14283139_14283749,cardiomyocyte
12:16135918_16136670,mesenchyme
12:28323638_28324198,cardiomyocyte
12:44519381_44519882,mesenchyme
12:77938213_77939230,somitic_mesoderm
12:96453184_96453725,somitic_mesoderm
13:102372325_102372886,endothelium
13:113224079_113224620,endothelium
13:18084631_18085252,mesenchyme
13:24715140_24715708,gut
13:40608515_40609160,erythroid
13:47636444_47637056,endothelium
13:60513302_60514035,gut
13:69933433_69933944,erythroid
14:114991314_114991841,endothelium
14:124036665_124037169,mesenchyme
14:24173229_24173798,spinalCord
14:85020975_85021579,somitic_mesoderm
15:42767133_42767683,neural_crest
15:6431728_6432233,erythroid
16:10936625_10937168,neural_crest
16:29877292_29877812,spinalCord
16:31546617_31547542,endothelium
16:39668310_39668900,forebrain
16:43286255_43286859,neural_crest
16:57888540_57889066,gut
16:70147546_70148163,spinalCord
16:8778766_8779272,somitic_mesoderm
16:88278353_88278971,forebrain
16:92324598_92325196,endothelium
17:66815879_66816402,endothelium
18:25538999_25539500,erythroid
18:34131968_34133152,forebrain
18:5711700_5712263,mid_hindbrain
18:60711457_60711971,endothelium
18:78599627_78600130,spinalCord
19:17958333_17958904,cardiomyocyte
19:21883872_21884867,forebrain
19:37636076_37636645,endothelium
19:56637142_56637687,cardiomyocyte
19:59133181_59133692,endothelium
2:103690450_103690959,gut
2:105108519_105109341,forebrain
2:107612178_107612703,erythroid
2:125704770_125705381,cardiomyocyte
2:129544423_129544943,forebrain
2:156194508_156195055,neural_crest
2:49943837_49944551,mid_hindbrain
2:52172679_52173434,spinalCord
2:80431269_80431844,spinalCord
2:96580004_96580574,forebrain
3:100866769_100867375,somitic_mesoderm
3:119489239_119489805,endothelium
3:124713380_124713954,somitic_mesoderm
3:139886114_139886997,somitic_mesoderm
3:154192557_154193593,forebrain
3:31165968_31167223,spinalCord
3:38900778_38901345,somitic_mesoderm
3:40102640_40103171,neural_crest
3:61396547_61397064,endothelium
3:66325280_66325873,somitic_mesoderm
3:83768883_83769513,endothelium
4:106989052_106990052,forebrain
4:117411463_117411965,endothelium
4:132111123_132111645,mesenchyme
4:153785446_153785994,somitic_mesoderm
4:31408346_31408891,cardiomyocyte
4:57091279_57091830,mesenchyme
4:82730181_82730754,erythroid
5:121757757_121758380,neural_crest
5:125659027_125659709,spinalCord
5:20050207_20050787,endothelium
5:22452637_22453488,erythroid
5:24343955_24344496,gut
5:26691947_26692459,mid_hindbrain
5:69707043_69707561,erythroid
5:79678957_79679518,endothelium
5:92707793_92708547,mid_hindbrain
6:122715433_122716334,gut
6:17142500_17143048,neural_crest
6:49219755_49220337,endothelium
6:84746631_84747132,cardiomyocyte
6:8661390_8662015,endothelium
6:92699428_92699946,somitic_mesoderm
7:116721404_116721988,neural_crest
7:126216825_126217358,neural_crest
7:89627602_89628680,cardiomyocyte
8:22544442_22545003,spinalCord
8:26993921_26994566,endothelium
8:35625233_35625744,forebrain
8:47025766_47026279,endothelium
8:47058447_47058990,gut
8:83453994_83454506,spinalCord
8:87836616_87837516,cardiomyocyte
8:89926606_89927241,forebrain
9:117162941_117163507,neural_crest
9:122552298_122552879,forebrain
9:70817304_70817853,cardiomyocyte
9:79455190_79455743,spinalCord
9:94749173_94749806,forebrain
X:89115478_89116062,endothelium
X:99152866_99153419,neural_crest
1:131972137_131972680,neural_crest
1:14294281_14294858,spinalCord
1:145065139_145065712,somitic_mesoderm
1:150949855_150950453,forebrain
1:167697662_167698164,cardiomyocyte
1:169362453_169362978,endothelium
1:171248309_171248857,mid_hindbrain
1:175029949_175030459,spinalCord
1:189015354_189015907,erythroid
1:191416416_191417043,spinalCord
1:193178032_193178533,cardiomyocyte
1:20344528_20345248,gut
1:39698349_39699024,spinalCord
1:43583291_43584388,erythroid
1:59847925_59848430,cardiomyocyte
1:62678478_62679343,endothelium
1:65564870_65565493,cardiomyocyte
1:74985311_74985880,mesenchyme
1:75639014_75639515,gut
1:78163475_78164008,erythroid
1:82476632_82477173,gut
1:89768308_89768873,spinalCord
10:111539522_111540199,neural_crest
10:111566671_111567176,spinalCord
10:111924025_111924628,mid_hindbrain
10:125148728_125149288,gut
10:15592088_15592616,gut
10:39672525_39673161,endothelium
10:75555929_75556519,endothelium
10:83133848_83134432,somitic_mesoderm
11:112526406_112526951,erythroid
11:112592535_112593055,somitic_mesoderm
11:113184011_113184585,endothelium
11:11828127_11828685,endothelium
11:119134421_119135013,erythroid
11:67011475_67012200,erythroid
11:72226348_72226853,endothelium
11:77791038_77791577,erythroid
11:85678513_85679078,endothelium
11:93608860_93609361,mid_hindbrain
12:119075003_119075554,somitic_mesoderm
12:33955766_33956390,mesenchyme
12:69501882_69502835,somitic_mesoderm
12:72678888_72679929,somitic_mesoderm
12:79680588_79681117,endothelium
12:99009290_99009892,neural_crest
13:107635082_107635585,erythroid
13:108301209_108301951,forebrain
13:25738565_25739113,somitic_mesoderm
13:34278959_34279516,gut
13:34806414_34807291,spinalCord
13:37373002_37373843,erythroid
13:71378351_71379032,erythroid
13:75121886_75122450,erythroid
13:83583823_83584411,erythroid
13:89828341_89828958,endothelium
13:96225478_96226054,endothelium
14:103891408_103892254,somitic_mesoderm
14:10655677_10656230,endothelium
14:120507356_120508098,mesenchyme
14:19806424_19807145,endothelium
14:65761771_65762336,mesenchyme
14:68981257_68981856,neural_crest
14:7825926_7826750,erythroid
14:80329445_80330035,endothelium
15:30513109_30513743,endothelium
15:36721712_36722223,erythroid
15:55028000_55028501,somitic_mesoderm
15:59634829_59635373,erythroid
15:6555483_6555985,cardiomyocyte
15:72283724_72284229,endothelium
15:79212797_79213322,gut
15:87715072_87715886,mid_hindbrain
15:92099316_92100219,somitic_mesoderm
15:98030715_98031284,mid_hindbrain
15:98033250_98033814,mesenchyme
16:22719760_22720337,endothelium
16:24282145_24282735,mesenchyme
16:25465413_25465930,erythroid
16:34248090_34248591,gut
16:38673443_38674028,forebrain
16:38941213_38941852,neural_crest
16:71717038_71717551,mesenchyme
17:10483810_10484382,mesenchyme
17:10493043_10493603,cardiomyocyte
17:28123593_28124143,neural_crest
17:49815875_49816513,endothelium
17:5625264_5626249,forebrain
17:70780909_70781462,somitic_mesoderm
17:71947191_71947957,gut
18:21779339_21779842,erythroid
18:38216807_38217398,spinalCord
18:38380073_38380599,erythroid
18:38678577_38679654,endothelium
18:38742351_38742950,gut
18:44617371_44618058,mid_hindbrain
18:55010188_55010745,spinalCord
18:57316129_57316740,forebrain
18:60732826_60733830,gut
18:62743987_62744560,neural_crest
18:65722208_65723605,forebrain
19:53411939_53412951,gut
19:59280829_59281330,gut
19:60146158_60147050,mesenchyme
2:103390143_103390747,somitic_mesoderm
2:114107340_114108168,forebrain
2:124931009_124931771,mesenchyme
2:127627370_127627894,endothelium
2:128277585_128278198,gut
2:139764301_139764827,cardiomyocyte
2:144202510_144203011,endothelium
2:157395620_157396615,mesenchyme
2:164150196_164150889,endothelium
2:167559893_167560405,erythroid
2:168007961_168008641,cardiomyocyte
2:169859711_169860325,somitic_mesoderm
2:173258539_173259173,mesenchyme
2:173419916_173420527,endothelium
2:27670511_27671137,erythroid
2:3139521_3140094,somitic_mesoderm
2:52510004_52510602,mesenchyme
2:59627327_59628139,somitic_mesoderm
2:79529707_79530216,mesenchyme
3:107837770_107838369,somitic_mesoderm
3:118850821_118851782,spinalCord
3:122376208_122376894,endothelium
3:122522203_122522896,endothelium
3:143509538_143510089,spinalCord
3:51599007_51599543,mesenchyme
3:75279275_75279816,cardiomyocyte
3:84432980_84433503,endothelium
4:104761175_104761682,neural_crest
4:128878976_128879567,erythroid
4:22379244_22379825,spinalCord
4:32984692_32985257,neural_crest
4:75386084_75386868,endothelium
4:95108420_95108921,endothelium
4:98166177_98166874,gut
5:103448267_103449126,erythroid
5:117998904_117999508,endothelium
5:121696658_121697299,spinalCord
5:125549704_125550293,cardiomyocyte
5:132186109_132187101,mesenchyme
5:142813601_142814158,endothelium
5:34591267_34591880,endothelium
5:38499348_38499849,mid_hindbrain
5:75355169_75355893,mesenchyme
6:134960363_134961271,spinalCord
6:136906253_136906766,endothelium
6:138672592_138673260,erythroid
6:144264176_144264803,cardiomyocyte
6:144312918_144313421,somitic_mesoderm
6:146934301_146935214,endothelium
6:16995499_16996110,somitic_mesoderm
6:22049054_22049555,erythroid
6:4455904_4456628,endothelium
6:72200534_72201313,mid_hindbrain
6:88416215_88416806,erythroid
6:90495334_90495899,endothelium
6:93061911_93062454,cardiomyocyte
7:131716265_131716858,gut
7:133305126_133305627,neural_crest
7:28938579_28939108,erythroid
7:80357000_80357566,cardiomyocyte
7:83852017_83852706,somitic_mesoderm
8:103062444_103063018,erythroid
8:10644388_10645109,endothelium
8:114855764_114856318,erythroid
8:114936508_114937440,cardiomyocyte
8:115688049_115688678,endothelium
8:120282567_120283104,neural_crest
8:126841143_126841697,neural_crest
8:13623209_13623914,cardiomyocyte
8:40320991_40321548,erythroid
8:57399415_57400021,gut
9:106384294_106384804,forebrain
9:122593111_122593660,cardiomyocyte
9:13310260_13310815,neural_crest
9:40321197_40321808,forebrain
9:50235839_50236435,cardiomyocyte
9:56346313_56346936,spinalCord
9:56877203_56877756,forebrain
9:56881039_56881981,cardiomyocyte
9:61549780_61550395,endothelium
9:61573452_61574132,endothelium
9:68200988_68201554,endothelium
9:7907585_7908098,somitic_mesoderm
9:83361043_83361545,gut
9:85485743_85486283,erythroid
9:92162140_92162693,somitic_mesoderm
X:43372412_43373136,erythroid
X:7288887_7289404,endothelium
1:109830502_109831175,gut
1:125518846_125519919,neural_crest
1:12636723_12637253,somitic_mesoderm
1:135260883_135261386,cardiomyocyte
1:137096587_137097384,spinalCord
1:14225334_14225922,neural_crest
1:152681000_152681501,cardiomyocyte
1:152915736_152916317,neural_crest
1:16177622_16178125,endothelium
1:168409860_168410557,endothelium
1:172024065_172024670,spinalCord
1:173844659_173845225,somitic_mesoderm
1:183696904_183697453,mid_hindbrain
1:187888194_187888707,forebrain
1:190061771_190062481,endothelium
1:190952891_190953516,endothelium
1:22466538_22467091,endothelium
1:51508992_51509551,spinalCord
1:63226963_63227476,spinalCord
1:64305261_64305806,endothelium
1:64853652_64854168,endothelium
1:69591422_69591927,endothelium
1:78110236_78110833,spinalCord
1:78388727_78389288,forebrain
1:81593351_81594125,erythroid
10:104684635_104685182,spinalCord
10:15263162_15263749,cardiomyocyte
10:39580427_39580933,forebrain
10:61370573_61371121,cardiomyocyte
10:64636466_64637453,mid_hindbrain
10:67646032_67646626,mesenchyme
10:69011290_69011863,spinalCord
10:87812194_87812797,mesenchyme
10:96751469_96751994,spinalCord
11:101729343_101729853,spinalCord
11:101896710_101897419,somitic_mesoderm
11:107748065_107748842,endothelium
11:110448075_110448707,somitic_mesoderm
11:113016614_113017120,endothelium
11:115194418_115194987,forebrain
11:35933293_35933956,endothelium
11:51484904_51485769,neural_crest
11:61602611_61603131,endothelium
11:79326929_79327542,endothelium
11:83467220_83467760,spinalCord
11:85678434_85679157,cardiomyocyte
11:85917775_85918344,gut
11:87966248_87966820,mid_hindbrain
11:90742195_90742704,endothelium
11:98298717_98299279,endothelium
12:104855382_104855966,gut
12:12694035_12694584,neural_crest
12:16789644_16790267,endothelium
12:31836181_31836775,gut
12:32127741_32128362,somitic_mesoderm
12:69879099_69879736,endothelium
12:72053768_72054392,mid_hindbrain
12:81091919_81092420,neural_crest
12:85754647_85755232,somitic_mesoderm
12:93885843_93886350,neural_crest
12:99923080_99923743,erythroid
13:101421903_101422406,mid_hindbrain
13:101611666_101612171,forebrain
13:102433246_102433824,gut
13:110538064_110538641,forebrain
13:24933144_24933717,spinalCord
13:31477085_31477617,cardiomyocyte
13:34332705_34333262,endothelium
13:37373168_37373677,forebrain
13:40608579_40609096,somitic_mesoderm
13:40741820_40742386,endothelium
13:41017788_41018335,erythroid
13:44501888_44502389,spinalCord
13:60147182_60147733,forebrain
13:6189425_6189974,endothelium
13:64233822_64234489,somitic_mesoderm
13:73508813_73509314,spinalCord
13:73836878_73837507,somitic_mesoderm
14:101532094_101532605,erythroid
14:122399845_122400359,neural_crest
14:122836152_122836711,mid_hindbrain
14:28653229_28653793,somitic_mesoderm
14:36099620_36100584,forebrain
14:45438842_45439347,endothelium
14:58782706_58783331,erythroid
14:69185005_69185506,spinalCord
14:71910878_71911435,neural_crest
14:76817096_76817701,spinalCord
15:100673713_100674261,erythroid
15:103177599_103178164,endothelium
15:11160713_11161304,neural_crest
15:12217808_12218357,somitic_mesoderm
15:12749505_12750444,mesenchyme
15:17049164_17049666,spinalCord
15:28057466_28057987,erythroid
15:42226322_42226899,somitic_mesoderm
15:59521930_59522506,neural_crest
15:79695486_79696105,forebrain
15:91017154_91017659,neural_crest
15:95478533_95479072,erythroid
15:95931219_95931774,erythroid
15:98116193_98116739,somitic_mesoderm
16:13431389_13431987,cardiomyocyte
16:14447868_14448417,neural_crest
16:29723038_29723539,endothelium
16:29876136_29876664,cardiomyocyte
16:31825998_31826537,gut
16:34031493_34032090,somitic_mesoderm
16:40709462_40710969,cardiomyocyte
16:43603740_43604333,somitic_mesoderm
16:88599756_88600325,mesenchyme
16:95935490_95936063,neural_crest
17:10739957_10740498,cardiomyocyte
17:12426999_12427638,endothelium
17:14234671_14235486,cardiomyocyte
17:32949387_32949900,forebrain
17:48417985_48418730,gut
17:56979456_56979957,endothelium
17:6016298_6016800,cardiomyocyte
17:70488406_70489506,erythroid
17:70811777_70812290,gut
17:81010732_81011257,cardiomyocyte
17:83370544_83371120,spinalCord
17:86323250_86323819,gut
18:17530425_17530954,mesenchyme
18:22619674_22620229,endothelium
18:29299322_29299853,erythroid
18:4403955_4404478,erythroid
18:54404171_54404681,somitic_mesoderm
18:61235965_61236560,neural_crest
18:64551055_64552013,spinalCord
18:69044028_69044609,neural_crest
18:81251746_81252326,spinalCord
18:9778819_9779423,erythroid
19:32726347_32727237,erythroid
19:3392268_3393001,endothelium
19:36207769_36208352,mesenchyme
19:37534888_37535449,erythroid
19:38232449_38232951,forebrain
19:47432297_47432873,spinalCord
19:48686351_48686862,forebrain
19:53424480_53425003,neural_crest
19:57146898_57147471,endothelium
2:101172654_101173283,cardiomyocyte
2:105152995_105153566,spinalCord
2:105367446_105368330,gut
2:128364855_128365634,erythroid
2:131513948_131514641,erythroid
2:136746994_136747567,cardiomyocyte
2:137706374_137706886,spinalCord
2:139488636_139489145,spinalCord
2:142589336_142590022,mesenchyme
2:144107802_144108305,endothelium
2:145990355_145990915,erythroid
2:150222408_150222909,gut
2:157058358_157059160,gut
2:159234674_159235643,somitic_mesoderm
2:160383190_160384104,cardiomyocyte
2:161583978_161584487,endothelium
2:16450734_16451402,mesenchyme
2:28424081_28424638,neural_crest
2:29034466_29034967,erythroid
2:30838348_30838851,cardiomyocyte
2:35428798_35429419,mesenchyme
2:35568442_35569033,erythroid
2:48414785_48415398,gut
2:50834147_50834799,gut
2:50920900_50921496,somitic_mesoderm
2:57945597_57946100,gut
2:85172306_85172895,cardiomyocyte
3:103207736_103208357,neural_crest
3:105846254_105846768,erythroid
3:110745880_110746671,spinalCord
3:121589014_121589623,endothelium
3:127130384_127130971,cardiomyocyte
3:130484350_130484860,spinalCord
3:137683352_137683956,forebrain
3:142228850_142229391,spinalCord
3:149407242_149407772,erythroid
3:150208710_150209255,mid_hindbrain
3:152029329_152030077,spinalCord
3:152928507_152929054,mid_hindbrain
3:154252065_154252825,neural_crest
3:28753067_28753743,endothelium
3:30105248_30106147,erythroid
3:40092698_40093272,erythroid
3:66325322_66325831,erythroid
3:79416939_79417489,neural_crest
4:102574112_102574931,neural_crest
4:107084690_107085269,mid_hindbrain
4:11633196_11633879,endothelium
4:119018495_119019044,mid_hindbrain
4:120583146_120583757,endothelium
4:126251599_126252108,mid_hindbrain
4:129272290_129272814,spinalCord
4:134601238_134601739,cardiomyocyte
4:139166621_139168079,somitic_mesoderm
4:31577476_31577997,forebrain
4:32430886_32431460,spinalCord
4:3993198_3994185,spinalCord
4:46406854_46407360,cardiomyocyte
4:48697242_48697782,erythroid
4:57560001_57560525,forebrain
4:58218034_58219038,erythroid
4:58518483_58519007,neural_crest
4:84347542_84348406,cardiomyocyte
4:8713164_8713668,cardiomyocyte
4:98091205_98091766,gut
5:103401708_103402277,gut
5:107200821_107201324,cardiomyocyte
5:112385927_112386435,erythroid
5:113958958_113959510,gut
5:114571471_114571982,mid_hindbrain
5:119249245_119249778,cardiomyocyte
5:129155810_129156420,endothelium
5:134970531_134971129,endothelium
5:135118465_135119169,spinalCord
5:150850792_150851389,gut
5:16182830_16183331,endothelium
5:21141136_21141687,endothelium
5:24609016_24609878,cardiomyocyte
5:32126856_32127487,mesenchyme
5:33705119_33705757,endothelium
5:36155039_36155584,spinalCord
5:74732463_74733505,erythroid
5:86851559_86852166,erythroid
6:101001232_101001742,mesenchyme
6:101473344_101473872,erythroid
6:113404505_113405066,endothelium
6:119418912_119419458,somitic_mesoderm
6:121048513_121049016,erythroid
6:122654967_122655599,mesenchyme
6:122745177_122745683,spinalCord
6:136407393_136407949,erythroid
6:146776404_146777081,mid_hindbrain
6:14699938_14700445,forebrain
6:22416914_22417744,erythroid
6:28618787_28619315,neural_crest
6:28760595_28761127,forebrain
6:34187434_34187953,spinalCord
6:3462685_3463186,somitic_mesoderm
6:35254438_35254997,spinalCord
6:38798353_38798941,neural_crest
6:43272283_43273065,endothelium
6:63911067_63911587,mesenchyme
6:70920961_70921951,endothelium
6:91345857_91346561,mesenchyme
6:92036308_92036908,mesenchyme
6:92241101_92241661,mid_hindbrain
6:93815474_93815989,spinalCord
6:94357601_94358122,erythroid
6:96750644_96751146,mesenchyme
6:98243037_98243547,erythroid
7:101676754_101677567,mid_hindbrain
7:109787775_109788284,endothelium
7:112276739_112277292,somitic_mesoderm
7:112685168_112685767,endothelium
7:119271014_119271535,cardiomyocyte
7:127932559_127933124,mid_hindbrain
7:130368502_130369451,spinalCord
7:130887843_130888416,erythroid
7:131716149_131716974,forebrain
7:137245639_137246151,somitic_mesoderm
7:139258036_139258625,endothelium
7:139530583_139531201,mid_hindbrain
7:140057719_140058681,erythroid
7:142330270_142331064,endothelium
7:144815224_144815767,mid_hindbrain
7:25707957_25708465,gut
7:28148173_28148687,neural_crest
7:44487214_44487719,spinalCord
7:49333882_49335448,cardiomyocyte
7:50536696_50537197,endothelium
7:6164402_6164903,erythroid
7:63084287_63084843,spinalCord
7:69950156_69950726,neural_crest
7:70780864_70781373,endothelium
7:76955016_76955649,spinalCord
7:79363257_79363768,neural_crest
7:91784046_91784673,erythroid
8:108726340_108726946,neural_crest
8:110382704_110383271,erythroid
8:115089676_115090224,cardiomyocyte
8:117322903_117323499,endothelium
8:122591965_122592480,cardiomyocyte
8:127088308_127088809,gut
8:26770271_26771078,neural_crest
8:27090842_27091357,endothelium
8:48701601_48702126,somitic_mesoderm
8:57095033_57095614,mid_hindbrain
8:57579705_57580206,cardiomyocyte
8:8466371_8466953,cardiomyocyte
8:88603963_88604544,forebrain
8:91765338_91766087,endothelium
8:92167388_92167914,somitic_mesoderm
9:100095328_100096040,mid_hindbrain
9:100096822_100097458,gut
9:100581833_100582396,spinalCord
9:104837876_104838423,endothelium
9:107370638_107371203,forebrain
9:11441094_11441660,somitic_mesoderm
9:114798781_114799301,forebrain
9:16353153_16353860,neural_crest
9:16599061_16599599,forebrain
9:40371256_40371931,endothelium
9:45502228_45502990,endothelium
9:46215464_46216878,spinalCord
9:50986625_50987136,spinalCord
9:56494868_56495379,endothelium
9:66170231_66171188,somitic_mesoderm
9:66295670_66296171,erythroid
9:67639953_67640461,spinalCord
9:71709215_71709718,spinalCord
9:78208899_78209408,erythroid
9:87618238_87618783,erythroid
9:96980580_96981174,cardiomyocyte
9:98727373_98727890,gut
X:150564551_150565129,forebrain
X:152307254_152307827,mesenchyme
X:158235438_158236032,somitic_mesoderm
X:53166130_53166767,spinalCord
X:60889769_60890466,neural_crest
X:77567821_77568439,gut
1:120466759_120467304,cardiomyocyte
1:120654907_120655456,somitic_mesoderm
1:136069778_136070297,erythroid
1:136717813_136718314,spinalCord
1:137194974_137195693,erythroid
1:138767631_138768191,endothelium
1:138909162_138909758,forebrain
1:141717505_141718023,mesenchyme
1:157387984_157388497,erythroid
1:158386713_158387479,somitic_mesoderm
1:158500919_158501737,endothelium
1:170415967_170416780,cardiomyocyte
1:178997809_178998392,somitic_mesoderm
1:179341451_179342001,erythroid
1:186922643_186923225,cardiomyocyte
1:189820880_189821385,endothelium
1:191641378_191641923,mesenchyme
1:192830419_192830987,cardiomyocyte
1:25076001_25076605,spinalCord
1:38893412_38893937,neural_crest
1:45780736_45781266,somitic_mesoderm
1:59314953_59315555,mid_hindbrain
1:63361880_63362394,somitic_mesoderm
1:85932275_85932854,spinalCord
1:88475310_88475925,endothelium
1:90543890_90544604,forebrain
1:95159787_95160290,endothelium
10:10051999_10052505,erythroid
10:108583569_108584137,forebrain
10:112876641_112877149,cardiomyocyte
10:116382688_116383273,neural_crest
10:121882393_121882946,neural_crest
10:12540346_12540849,gut
10:126814030_126814656,somitic_mesoderm
10:126834995_126835631,forebrain
10:3978286_3978841,forebrain
10:40809187_40809866,endothelium
10:52273839_52274423,erythroid
10:57822384_57822930,somitic_mesoderm
10:61543996_61544520,forebrain
10:84710726_84711333,endothelium
10:93771858_93772406,cardiomyocyte
11:110586196_110586763,spinalCord
11:112862960_112863465,somitic_mesoderm
11:113785264_113786189,erythroid
11:116810926_116812056,mesenchyme
11:11923307_11924326,endothelium
11:14183237_14183739,spinalCord
11:28685294_28685882,spinalCord
11:41826158_41826706,endothelium
11:48389657_48390230,endothelium
11:56750601_56751111,somitic_mesoderm
11:59263741_59264473,endothelium
11:67379537_67380247,cardiomyocyte
11:68050643_68051220,endothelium
11:80770655_80771226,somitic_mesoderm
11:98298693_98299303,forebrain
12:105016488_105017050,gut
12:117106981_117107553,forebrain
12:12746961_12747472,neural_crest
12:24686266_24686848,somitic_mesoderm
12:32604337_32604874,somitic_mesoderm
12:40569028_40569651,somitic_mesoderm
12:41075775_41076311,somitic_mesoderm
12:49400877_49401691,somitic_mesoderm
12:58804005_58804546,gut
12:69442219_69442836,endothelium
12:73094504_73095073,endothelium
12:79844952_79845489,gut
12:88605891_88606486,endothelium
12:88910656_88911289,endothelium
12:91582891_91583394,mesenchyme
12:91929438_91930043,erythroid
12:92109616_92110117,endothelium
12:99319057_99319559,spinalCord
13:101235043_101235627,somitic_mesoderm
13:104497486_104498032,cardiomyocyte
13:112462300_112463277,somitic_mesoderm
13:116706673_116707174,somitic_mesoderm
13:12503226_12503775,somitic_mesoderm
13:15541943_15543371,neural_crest
13:18454955_18455566,somitic_mesoderm
13:28294604_28295537,erythroid
13:71148656_71149200,spinalCord
13:79393826_79394332,somitic_mesoderm
13:89737785_89738286,somitic_mesoderm
13:97311391_97311918,somitic_mesoderm
13:97829396_97830193,mesenchyme
14:104911347_104912239,somitic_mesoderm
14:114587601_114588106,spinalCord
14:114836636_114837478,endothelium
14:12102707_12103217,endothelium
14:122427552_122428123,erythroid
14:123816634_123817162,erythroid
14:15693808_15694409,endothelium
14:16841592_16842256,endothelium
14:22494783_22495328,endothelium
14:28653189_28653833,somitic_mesoderm
14:45757112_45758026,mid_hindbrain
14:46843097_46843693,endothelium
14:59793727_59794252,neural_crest
14:60664586_60665580,cardiomyocyte
14:62934391_62935239,cardiomyocyte
14:67909108_67909629,erythroid
14:71557694_71558272,neural_crest
14:73479590_73480091,endothelium
14:9597357_9598044,gut
14:97596607_97597120,cardiomyocyte
15:101051766_101052294,endothelium
15:103065545_103066137,spinalCord
15:103519190_103519828,mid_hindbrain
15:13292094_13292694,cardiomyocyte
15:23104569_23105232,spinalCord
15:24971836_24972679,endothelium
15:27460727_27461229,mesenchyme
15:42616617_42617186,cardiomyocyte
15:55265398_55266190,spinalCord
15:56027376_56027892,neural_crest
15:56729593_56730099,cardiomyocyte
15:60568617_60569182,endothelium
15:63768855_63769426,endothelium
15:79982093_79982596,forebrain
15:82293171_82293781,endothelium
15:85464099_85464637,mesenchyme
15:91017046_91017767,erythroid
15:94574485_94575031,gut
16:37963914_37964422,erythroid
16:50469006_50469513,endothelium
16:52262523_52263117,cardiomyocyte
16:66602165_66603110,spinalCord
16:67344065_67344635,endothelium
16:7146371_7146951,forebrain
16:89789789_89790737,endothelium
16:96371045_96371547,cardiomyocyte
17:50853113_50853633,endothelium
17:70811781_70812286,mesenchyme
17:75703788_75704392,endothelium
17:79883204_79883817,erythroid
17:83567029_83567632,endothelium
17:87198025_87198675,cardiomyocyte
17:90995096_90996193,gut
17:93676449_93676952,erythroid
18:15703428_15703980,mid_hindbrain
18:20149242_20149800,somitic_mesoderm
18:24694098_24694971,endothelium
18:24883842_24884423,spinalCord
18:35380491_35381222,neural_crest
18:54911272_54911832,erythroid
18:59351226_59351839,endothelium
18:73410192_73410694,cardiomyocyte
18:78097083_78097617,cardiomyocyte
18:81210456_81211044,endothelium
18:81620246_81620764,endothelium
19:10413582_10414108,forebrain
19:21166901_21167435,erythroid
19:24073070_24073594,cardiomyocyte
19:28328681_28329279,gut
19:30331736_30332333,gut
19:42210991_42211943,mesenchyme
19:50439526_50440027,mid_hindbrain
19:51751260_51751765,neural_crest
19:57576763_57577286,erythroid
19:58266501_58267112,endothelium
2:102222895_102223396,gut
2:105336403_105337049,gut
2:115723273_115723937,endothelium
2:117217639_117218314,spinalCord
2:12019533_12020145,gut
2:131765367_131766112,endothelium
2:134856460_134857417,mid_hindbrain
2:138073958_138074515,erythroid
2:139528621_139529276,neural_crest
2:140704018_140704825,erythroid
2:140705172_140706035,erythroid
2:142399225_142399915,mid_hindbrain
2:146073238_146073791,endothelium
2:152820237_152820857,spinalCord
2:154577308_154577826,cardiomyocyte
2:158113454_158113993,somitic_mesoderm
2:158215096_158215653,somitic_mesoderm
2:160503829_160504336,endothelium
2:160526320_160526894,forebrain
2:160537285_160537993,erythroid
2:169297706_169298279,endothelium
2:174917380_174918001,mesenchyme
2:24506497_24507081,spinalCord
2:27361681_27362243,erythroid
2:29843206_29844145,cardiomyocyte
2:3134763_3135284,erythroid
2:31609657_31610287,erythroid
2:4260606_4261176,cardiomyocyte
2:48628957_48629673,mesenchyme
2:72909021_72909605,endothelium
2:76002760_76003374,spinalCord
2:91980302_91981292,gut
2:9852619_9853335,mid_hindbrain
3:100981984_100982537,forebrain
3:102195687_102196196,endothelium
3:10378486_10379062,gut
3:11210956_11211797,cardiomyocyte
3:11563796_11564302,endothelium
3:119754462_119754970,mesenchyme
3:138135903_138136513,endothelium
3:142301779_142302367,gut
3:159469942_159470497,endothelium
3:159856882_159857505,spinalCord
3:17489666_17490211,endothelium
3:29755260_29755779,erythroid
3:42830458_42831033,somitic_mesoderm
3:51916063_51916618,spinalCord
3:85906684_85907250,cardiomyocyte
4:120583819_120584324,cardiomyocyte
4:129151177_129151787,endothelium
4:149403455_149403972,endothelium
4:152916377_152917041,endothelium
4:21687613_21688307,forebrain
4:21722793_21723457,endothelium
4:41726769_41727274,erythroid
4:46503085_46503586,erythroid
4:6220463_6220965,endothelium
4:6657141_6657671,endothelium
4:71626537_71627107,endothelium
4:75234554_75235080,erythroid
4:9060171_9060706,somitic_mesoderm
5:101590255_101590824,endothelium
5:102052905_102053416,forebrain
5:106314092_106314597,erythroid
5:124191525_124192054,erythroid
5:127805534_127806035,mid_hindbrain
5:131640867_131641440,endothelium
5:139535390_139535982,spinalCord
5:146648454_146649113,endothelium
5:147042490_147043038,erythroid
5:17296641_17297149,cardiomyocyte
5:17706958_17707554,neural_crest
5:18954048_18954551,mesenchyme
5:29253835_29254394,somitic_mesoderm
5:30241640_30242269,endothelium
5:36228380_36229261,endothelium
5:38240816_38241317,mid_hindbrain
5:64251441_64251961,spinalCord
5:65836442_65837267,somitic_mesoderm
5:66042482_66043087,cardiomyocyte
5:69817098_69817601,endothelium
5:72367503_72368134,gut
5:82928681_82929301,cardiomyocyte
5:85780939_85781472,mesenchyme
5:8773774_8774292,endothelium
5:93101238_93101790,spinalCord
5:97299509_97300184,spinalCord
6:102421676_102422269,mid_hindbrain
6:111150461_111151508,spinalCord
6:118989934_118990552,endothelium
6:121166055_121166587,endothelium
6:13369922_13370488,erythroid
6:146979008_146979913,endothelium
6:22361867_22362431,spinalCord
6:27950081_27950643,endothelium
6:28819432_28819933,endothelium
6:28828561_28829075,somitic_mesoderm
6:32955180_32955693,mesenchyme
6:52078454_52079353,spinalCord
6:66943487_66944013,erythroid
6:98049105_98049619,spinalCord
7:109849925_109850533,endothelium
7:115866027_115866640,endothelium
7:125211497_125212012,endothelium
7:132640929_132641561,cardiomyocyte
7:139904890_139905495,gut
7:140830659_140831263,endothelium
7:141934418_141935030,neural_crest
7:27756181_27756682,cardiomyocyte
7:51869034_51869624,cardiomyocyte
7:71112470_71113059,erythroid
7:75983065_75983648,somitic_mesoderm
7:77811922_77812509,somitic_mesoderm
8:10379057_10379563,somitic_mesoderm
8:109312634_109313430,neural_crest
8:11234789_11235290,mesenchyme
8:116053371_116053940,erythroid
8:116399466_116400054,somitic_mesoderm
8:117347512_117348028,cardiomyocyte
8:23393920_23394866,somitic_mesoderm
8:32383498_32384006,somitic_mesoderm
8:36073163_36073675,endothelium
8:57405158_57405705,neural_crest
8:58509014_58509555,erythroid
8:63969921_63971036,somitic_mesoderm
8:78543550_78544112,spinalCord
8:78624920_78625537,spinalCord
8:87300565_87301068,erythroid
8:9661278_9661779,endothelium
9:101472484_101473020,endothelium
9:102193210_102193730,endothelium
9:103550876_103551438,spinalCord
9:108785262_108785779,endothelium
9:112938605_112939270,spinalCord
9:124267828_124268429,spinalCord
9:16517505_16518066,cardiomyocyte
9:22755302_22755904,neural_crest
9:24293207_24293920,erythroid
9:30240459_30241041,neural_crest
9:32291597_32292127,somitic_mesoderm
9:33233718_33234291,erythroid
9:49922119_49922624,somitic_mesoderm
9:57829966_57830681,cardiomyocyte
9:58850604_58851118,endothelium
9:63965500_63966132,endothelium
9:65833562_65834164,erythroid
9:68947687_68948290,forebrain
9:77502542_77503075,spinalCord
9:79823381_79823970,gut
9:79993054_79993563,gut
9:89260797_89261298,endothelium
9:92839262_92839763,endothelium
X:11726522_11727045,cardiomyocyte
X:141800695_141801393,gut
X:43494884_43495621,erythroid
X:52348647_52349237,cardiomyocyte
X:52753555_52754078,cardiomyocyte
X:60657719_60658220,somitic_mesoderm
